"","sample1","sample2","sample3","sample4","sample5","sample6","sample7","sample8","sample9","sample10","sample11","sample12","sample13","sample14","sample15","sample16","sample17","sample18","sample19","sample20"
"g1",295,176,254,972,78,199,189,234,192,388,648,562,991,374,826,94,1060,665,983,1346
"g2",3399,2219,1197,3465,1787,878,1609,1615,2129,3168,18264,3933,4259,3036,15005,4719,12422,10736,18204,5452
"g3",2690901,2130976,872720,2512901,3997820,1917326,900645,585669,1580230,853526,4886668,4785112,2268478,3181335,2195652,3646070,3988770,13896964,5694017,5869148
"g4",2287,5661,4933,4464,3315,1604,3035,2606,8425,2042,3777,2428,8590,7325,7754,1380,18922,8701,8427,13010
"g5",12,1188,3815,3,4539,29380,17,3348,702,3231,2650,1013,14866,1588,896,238,0,4410,1562,124
"g6",570,487,464,1129,1513,1392,1025,9,1584,51,127,89,451,403,1218,163,222,3535,401,360
"g7",18704,14558,71702,39191,27747,10953,32856,9100,31687,17071,188019,10835,6193,42294,16370,33198,35147,16182,3162,37080
"g8",66936,54295,47886,84529,85093,46720,79366,37734,82714,71676,151473,124876,108610,93149,159040,131054,224542,121911,118966,219246
"g9",115208,27578,68484,69661,219491,74823,191708,129618,219508,121124,33599,346680,131307,92068,519624,193548,398600,523799,213180,555632
"g10",978,9031,8901,294,3274,94,0,6547,30173,724,27303,0,2897,595,18454,390,1058,2982,78,1232
"g11",623,203,11,16,4,0,3,14,1110,199,3966,15,41,153,626,272,42,250,14,0
"g12",265,1511,306,632,60,2,35,98,155,0,594,331,1,298,528,449,900,82,1130,351
"g13",118,57,66,1,49,571,3,44,31,390,122,84,43,86,484,38,0,5865,981,5
"g14",706,1305,274,1086,167,248,301,157,219,526,108,906,126,229,0,458,860,2000,430,209
"g15",1036,21789,8850,725,6831,3532,13433,10801,5898,13198,5595,12929,15534,14995,10106,2827,14626,25010,3181,47422
"g16",81045,121400,101058,131718,133711,64014,191903,100597,202861,81321,252385,235707,239709,602699,316365,242254,295035,683501,648549,698057
"g17",82885,153389,79247,133891,164662,65167,139057,81318,140281,68452,157908,137910,113183,64162,51782,63006,110663,79509,123542,176268
"g18",4782,12656,15404,17947,13945,12745,12410,6106,16223,2578,20396,2520,58181,15201,11676,5950,45508,31098,50499,12259
"g19",114827,207385,125675,225373,314762,156296,205656,103594,134325,398212,197444,375241,145987,85765,175857,289903,425711,424034,245528,361997
"g20",106612,138894,76651,165032,140645,63724,147729,69031,151099,158220,643326,132722,191429,313038,191978,98955,201812,989925,676852,678465
"g21",15293,1872,31844,76747,5881,40798,532081,16951,31257,72130,343921,81135,255,91587,376047,52882,240223,43918,85886,56714
"g22",172140,390532,128668,424101,161086,290429,508346,102293,287570,88137,299325,186717,222458,494444,233796,218547,307353,1625788,327400,411754
"g23",39241,41278,12259,20814,47299,39591,26997,25305,27053,29757,54507,39567,29356,61816,38478,56873,137457,267660,105522,52196
"g24",677,1695,1754,3795,2788,1510,2846,1045,608,1251,2048,2489,1550,575,6435,586,9754,7724,4420,594
"g25",610,288,255,459,319,242,225,391,345,313,258,37,146,513,460,110,384,89,25,374
"g26",42540,30563,22132,31652,38820,22876,50652,33052,41345,36056,64725,20506,25681,17190,40439,27402,59226,55200,17385,31318
"g27",34703,69307,77078,85870,69829,77948,111687,36908,52798,121084,51005,79026,30704,70155,38779,19242,50185,87869,95303,117374
"g28",55716,28356,24920,95330,19151,10673,29661,56352,19448,16392,53781,29612,14083,34515,13337,37706,17724,26244,63452,50568
"g29",1979,833,13734,5697,4431,4377,12331,4246,9116,18069,8786,7776,2888,1872,1520,4631,5723,8139,10535,1472
"g30",112310,68932,53227,78893,66563,34293,67320,63557,167977,99867,191238,43850,42842,56581,157735,33353,95710,160074,41338,90345
"g31",8771,3225,7719,8201,1847,8068,6099,11699,7264,6849,21471,10179,11117,3862,5318,1776,30981,14745,5491,22236
"g32",81941,78405,90957,18134,43783,33949,22651,26219,395188,156178,11228,235829,82002,3143,83636,150833,228611,266020,453738,519615
"g33",85875,159432,31296,103039,577726,95902,134898,19243,140671,82641,368066,134802,47488,465817,39278,249170,140292,5696,95598,317300
"g34",18499,2206,9826,4792,87094,17078,21426,10689,72061,8363,65376,70793,12233,5849,225615,9157,61959,57063,63413,13764
"g35",2584,1164,1521,2758,1864,646,1252,1542,1674,2431,1937,4217,4151,1547,3818,2904,5747,4932,2640,4972
"g36",23155,1778,2433,25305,53156,18670,17951,102018,13212,56192,233949,50135,7153,36435,7350,222,359712,95133,1656,1866
"g37",7989,13754,1159,5091,7356,2555,341,1425,8051,11,20682,11568,390,16488,3192,1092,2490,51328,12468,242
"g38",821,1340,1827,1392,392,871,1396,891,1827,2325,2998,2303,582,586,640,1329,1979,4090,624,6258
"g39",79382,281921,58160,127503,79400,105725,152423,91682,254794,97632,163113,133990,119612,104639,90326,153436,854938,73663,227924,112598
"g40",140138,123141,126238,79740,199380,91992,138482,219762,199477,268160,87483,158790,238007,26697,206600,345293,288999,247184,161928,849492
"g41",733,2337,2559,866,4153,93,6919,3957,10834,8827,55778,2121,4186,4238,121,18094,13187,2895,5638,2246
"g42",44798,123928,56885,47819,96013,120064,60989,36409,68664,176190,140364,255462,23518,138060,152173,33216,451446,234144,369638,205176
"g43",16477,88682,17803,60130,73816,28441,16577,84086,61457,140759,105756,74830,62219,29073,116183,7527,40791,119247,9628,107772
"g44",22897,5310,29414,28037,30696,11720,31301,24964,11602,24673,37915,22456,4437,11269,17733,19694,23758,60770,34371,34414
"g45",56650,263773,59675,43876,18152,18134,48382,73180,9013,16594,5787,58196,12156,214317,269940,975028,692090,170013,395590,37440
"g46",8240,51630,35147,86757,52215,17388,51684,4536,24697,80103,126363,11505,31438,20406,69683,8394,54516,123867,105870,75840
"g47",5280,38817,17632,8113,41357,11007,36537,36982,9345,35655,126174,106436,73709,28228,116880,42961,96670,83728,361686,96987
"g48",24966,62740,39339,48437,104067,19386,29250,22580,47818,30049,143172,36322,120105,32102,70184,32726,23772,209298,111660,99442
"g49",3225,259,18,210,0,200,2078,218,382,1039,172,984,304,607,1815,2170,609,0,971,326
"g50",809,5523,694,5723,1759,1080,4891,2119,909,4988,5064,2744,1666,4714,2910,9186,6118,5316,2896,8171
"g51",7227,786,6273,2575,5934,604,6388,551,3955,4426,514,11335,12841,6318,2232,9896,28778,1960,22650,5233
"g52",967,740,562,1307,844,697,815,609,516,768,759,199,849,886,152,1091,798,395,395,884
"g53",35027,113559,41539,51422,70048,37367,44225,35665,78737,56184,195985,45912,48016,97401,121806,56333,95861,147432,23862,126870
"g54",35900,126171,37037,41404,45068,15356,58092,27770,35852,73167,60515,38505,40763,42949,94902,68476,121696,184242,112242,73127
"g55",6556,11736,12234,21843,12870,16891,26284,8818,12387,22343,19113,16021,10507,23597,37550,30257,57840,63719,13483,24808
"g56",121712,161842,68991,94197,144740,68314,112472,185010,141312,94304,100420,252020,61144,124724,85469,130299,124959,220488,464676,355545
"g57",14319,53216,41918,50008,36899,37109,21963,21584,83060,40530,100217,63974,88150,104075,54429,76940,228624,142080,183336,104388
"g58",189368,194626,31255,64890,750,4971,85718,133485,46271,81015,38348,16618,6072,97292,2970,414,103,40992,29434,16292
"g59",3190,21,7,12622,2548,23,0,1354,1600,417,1229,24,0,17,192,130,854,6032,30,689
"g60",2470,6001,1852,125,521,24577,34497,1485,5498,3632,22026,10457,26463,21046,2016,4,71,1455,290,774
"g61",35131,11128,20007,34207,47309,52664,73735,43957,34150,111456,85658,34329,103702,83518,175825,160860,105905,136834,34448,78171
"g62",15810,18455,9716,44251,63398,29170,13542,35536,45444,3808,11426,4541,17,28999,15784,11414,478,11217,67901,14037
"g63",61823,195173,93445,103196,145088,111658,103119,108549,149252,95267,210032,48573,49906,139703,211482,141548,243706,315088,162994,131252
"g64",2293,38748,32948,35287,5755,26106,7133,11610,9516,391,47568,24038,4203,2300,16053,12786,31440,2432,32730,51303
"g65",13,11,1734,777,1837,656,144,1044,1616,23,388,621,5665,1246,3669,3588,2045,262,4125,4578
"g66",285,683,18,997,859,405,74,345,184,235,1105,516,1048,1058,95,98,749,7416,2772,732
"g67",4659,6476,27423,371,5184,3552,16631,1152,382,2950,21,794,18338,290,3138,2937,11990,39215,5048,41768
"g68",65407,122401,30908,73714,217979,64941,36668,100574,20648,229713,26489,65950,43398,118504,96688,232806,94324,1017314,203160,73092
"g69",36681,173802,25382,56419,42745,30169,50083,13350,22555,27781,48414,35804,23795,41514,55362,92102,134885,128168,68824,45150
"g70",14148,31816,29841,65239,66149,16707,57988,1385,21677,23339,11325,131485,5495,11434,32920,8974,131326,98202,37753,61170
"g71",226893,84781,247540,81181,411127,114093,86274,119412,280572,101145,345308,44521,119799,68748,161012,214388,58458,203433,241394,118587
"g72",40192,65693,38791,66427,60512,18495,56734,47376,82084,80545,79815,34421,74717,43860,113415,34830,56144,89994,80592,55594
"g73",98618,107186,113712,155100,222709,83565,165022,99702,107364,170921,345678,144668,123850,80255,89919,61280,295232,228030,104299,146984
"g74",153362,227606,125438,261218,269608,85001,211343,132972,200426,132019,177138,331892,193210,209552,184283,293674,661296,651803,97704,317619
"g75",22372,25223,23945,23175,39675,13738,23777,14331,30997,33667,29121,18863,19700,11306,43113,19264,57224,52576,31930,18282
"g76",107796,57302,82593,162468,92093,73985,127980,37957,127413,61474,190155,79758,64714,90183,91634,79943,129222,141190,219502,162347
"g77",73491,90392,121452,37646,109002,54135,197003,39921,187228,65393,48862,27440,39302,53446,149100,60093,125645,444894,229421,57006
"g78",17925,14426,3774,9038,3748,14120,5070,6968,23600,7807,27840,5265,9665,56021,18728,34149,29752,144610,40641,143562
"g79",269,350,67,466,599,218,283,141,658,795,641,882,235,727,430,107,265,330,863,416
"g80",49,34,149,469,48,126,0,117,1701,781,579,424,623,484,627,1869,645,1680,715,1566
"g81",828,409,2138,2686,5907,2152,5097,1244,2513,3420,3207,2651,3086,2394,230,1521,3085,5925,5097,7454
"g82",47546,75063,73929,85817,95553,30093,77589,49079,76491,77578,263793,107395,63679,84932,185850,63621,187480,268334,284506,125591
"g83",27417,55598,31476,23842,64176,43099,49162,41928,38668,84254,74519,48144,67438,61906,41256,20409,140590,97832,153100,77430
"g84",3486,1,595,3909,170,1023,565,3857,1009,283,7998,3826,3758,2391,15074,2727,38,20762,400,8153
"g85",67699,91711,88654,113065,104224,72128,115658,133150,139479,239651,61681,91247,39823,45202,92904,123229,94932,231690,147108,82354
"g86",1792,188,2476,3906,423,2073,8764,1,1903,664,14776,6127,2741,1080,26233,3730,977,12311,18957,12662
"g87",31432,59051,27795,49823,54683,17264,51240,22184,41761,28480,35253,61944,22481,28454,57304,11302,38832,37974,47393,33756
"g88",11691,8236,9787,5439,9395,3914,2427,3387,8104,8943,15360,4006,6775,2561,7172,4252,14624,11159,5264,9510
"g89",38048,265148,63218,108521,113575,149299,201200,92237,87284,260008,224289,129557,100922,189378,173352,66549,989202,246744,399040,297066
"g90",47935,101511,71379,24045,87788,73369,9402,32183,79696,19265,250098,96005,48944,82009,52188,18336,88244,213420,109387,64593
"g91",1404,3309,951,832,1811,637,2237,545,2330,1174,2244,5924,3788,2608,3687,3658,3609,7070,2350,3864
"g92",35486,36050,29205,36316,36161,24181,23552,42388,53197,44245,35717,38917,78037,55727,43564,45973,78094,103922,99923,69560
"g93",32373,40428,47325,17713,35149,11553,28650,31952,31826,59906,59114,12187,11832,28455,34302,38834,148437,64510,113574,52234
"g94",50771,34524,26685,37579,56825,34001,30310,45816,15903,23727,52351,17342,8335,53108,40418,28835,73520,55595,116655,44693
"g95",5676,21261,19584,13386,35678,10058,45386,14840,17285,31274,63348,41749,41227,21522,38207,15375,35792,51810,40504,73734
"g96",319051,193245,126812,785946,500578,259443,797075,303146,390339,42025,217696,269491,60538,378086,261144,710301,320226,200591,1125780,522350
"g97",35591,41551,14389,7574,51541,7718,28237,16278,26924,24504,35082,27429,38139,9670,28588,13022,29268,58440,88852,180683
"g98",57434,74545,80425,57194,54764,61324,75439,87692,115733,65311,189762,66820,131901,175446,295058,114609,90422,167060,246543,69078
"g99",55070,190380,79071,55877,130673,63021,60672,55131,62875,64083,120612,124493,74590,89809,128884,36321,21950,123000,135311,142266
"g100",23192,8577,22524,13928,30738,12398,14656,14402,14188,11554,29087,18633,4084,43148,25616,12778,109880,35880,52414,43467
"g101",17920,17020,34182,23905,27832,13138,17306,3983,14146,4097,31245,12289,14035,13261,36173,10714,34606,24939,19280,10179
"g102",145880,221986,97885,126119,148982,82041,101922,150445,113142,141778,338434,248104,235168,185708,276455,250545,645588,968698,297079,239554
"g103",82004,104362,138126,162069,99807,95703,99706,160390,168249,97099,126498,182089,114898,86469,35329,62099,163212,234567,425820,181178
"g104",13167,13201,5340,20296,26114,10534,21584,7928,7990,18304,12422,16746,7114,8253,11930,29300,68960,34906,27143,10431
"g105",61402,49190,130480,612940,124938,75846,88823,30081,26744,213052,78882,139343,84041,71813,174512,56417,723110,16548,152968,155297
"g106",42030,65848,43691,33444,52329,28735,35760,32099,38949,46053,59929,72142,37138,65894,87192,47458,183882,80370,167154,101922
"g107",185518,154792,137206,229815,301869,149078,171731,117082,158912,232407,389372,375770,307900,311854,378586,203260,963806,592580,555856,334362
"g108",117949,118378,60594,113468,132247,85591,121704,82495,105214,206089,171243,74123,164175,67765,96974,159005,183271,240981,258316,167013
"g109",469418,1645476,441103,575472,444963,224903,397168,279120,780510,417583,107655,864663,300297,256146,121338,264891,455532,253643,492964,493254
"g110",4191,2558,8744,14468,6730,1472,13434,11443,15881,6534,12315,11555,12156,11752,8780,15307,90282,44185,13683,47144
"g111",63471,120441,105410,451484,84472,163882,277958,108258,173836,180458,105528,71159,498100,114203,180951,14683,137018,221237,149684,335298
"g112",15027,10099,6634,4553,6818,1806,2640,5767,23399,5406,6012,3052,15294,1671,15388,300,13692,28743,4534,15142
"g113",109867,137409,130519,195267,129858,87070,190945,121583,210467,134906,227006,229674,158565,192346,257556,179586,323229,394518,356233,246775
"g114",0,0,0,26638,0,6,28,0,800,68,9041,0,0,12599,33040,55,133,38539,18,2636
"g115",28403,77556,70116,32564,74133,36588,72472,36436,61511,68001,41996,96022,107611,36664,64110,46566,169490,137073,184511,44882
"g116",9379,20173,11107,13285,19272,13709,7720,15522,40580,36265,11935,19552,14887,30250,30125,12891,41104,16458,28973,24976
"g117",28503,46686,51651,99278,69754,36189,50133,27249,54452,58362,52360,42080,54879,67863,68805,62488,73137,171643,107400,58162
"g118",41775,44838,42431,57612,85221,37521,45793,25760,80462,75179,73008,85265,72039,69851,100985,52657,166746,200670,77892,194196
"g119",74848,35711,18711,45425,69691,22906,58555,28139,58606,55087,322128,72253,94558,129336,225342,47481,463894,167116,196818,204623
"g120",16336,9273,4115,9869,13366,3297,28458,3842,5576,2493,16583,21453,14037,8196,12490,4001,14873,19330,13888,28400
"g121",2815,1370,246,1403,1223,200,1222,2636,1281,1533,3102,663,1281,1169,825,611,3775,1704,6063,1203
"g122",384,554,162,973,1749,66,123,166,695,603,929,298,193,355,364,143,337,264,200,2
"g123",148,241,91,88,355,99,80,141,103,94,110,225,21,251,4,50,139,66,68,186
"g124",971,354,362,1246,807,132,548,185,350,716,495,107,394,226,83,28,747,602,44,245
"g125",1284,1501,926,2199,1224,530,1638,848,1937,1618,1197,418,237,1220,374,155,1136,824,1602,1016
"g126",340,1365,242,369,1186,712,1325,1641,175,700,1770,544,2560,49,1283,217,141,1508,2592,505
"g127",188,140,1743,11,158,53,279,1008,42,607,549,1505,138,36,170,906,848,534,224,266
"g128",1385,2473,2549,1080,1405,646,1055,1105,1965,2039,978,3041,2149,900,1662,1892,7074,2204,3080,1229
"g129",181,834,760,543,750,764,1545,346,245,463,228,424,179,291,638,570,2068,1112,1594,702
"g130",1804,8819,10801,19363,11297,5628,8641,6968,22325,8565,3936,11401,6069,4886,4566,2054,11192,9200,12856,7772
"g131",2009,4985,1717,2498,7615,1022,4727,1631,2304,3553,6551,2143,2589,5246,4308,2381,4695,8175,7175,5054
"g132",181,56,1219,449,121,611,36,154,827,39,327,841,71,107,450,80,209,3198,68,269
"g133",2025,402,585,721,1022,558,1994,359,51,461,471,9504,3049,3685,970,988,512,2186,3318,14
"g134",88,874,55,972,548,114,417,457,1935,15,53,39,1963,136,1217,3,256,5858,254,3240
"g135",619,1421,522,479,406,389,1441,351,417,479,1130,604,606,509,873,1116,838,333,444,1866
"g136",149,232,307,673,115,221,339,452,1129,558,375,323,220,982,390,380,898,2026,306,206
"g137",370,532,186,224,1203,712,380,379,729,1834,81,577,84,92,513,266,1679,782,439,503
"g138",393,960,348,1567,1153,1156,957,951,1868,1231,2724,3101,2042,107,1008,1461,5765,3375,2579,3054
"g139",4293,1979,1398,1732,2585,1140,1536,2149,1933,2816,1605,3544,1364,1520,1580,1721,2202,5424,6348,6870
"g140",185,2952,1927,2831,2044,2208,3565,1851,234,1592,6565,4358,1703,883,2440,2732,4475,2334,8241,2760
"g141",440,776,437,225,1479,259,596,680,518,668,1166,1378,2208,1284,3083,1338,2502,3146,1266,2714
"g142",437,201,227,250,552,335,379,354,531,286,1314,188,211,238,958,279,1110,1761,827,516
"g143",23,11,887,1453,1111,76,391,2,77,27,36,354,12,42,283,278,1988,170,288,57
"g144",169,63,230,558,2362,136,222,315,84,308,2,59,175,8,108,43,1198,1320,73,69
"g145",1039,1248,445,203,1623,752,1376,442,1671,417,1250,2226,1473,171,144,745,2524,854,1178,2376
"g146",1140,61,1383,1683,3040,623,1343,199,2157,881,2127,4762,602,843,394,1493,2264,854,4976,2298
"g147",230,219,285,20,691,69,349,442,726,197,153,113,134,178,108,279,360,133,598,460
"g148",1278,1754,3264,3676,3025,1423,7905,1470,4400,4618,2777,1754,1259,1371,4479,1706,2854,3208,2034,2340
"g149",476,1685,308,2232,1157,285,1379,830,360,539,2532,190,784,1615,927,792,661,2243,2780,655
"g150",867,402,872,390,359,920,362,110,319,168,970,647,326,484,724,470,836,1798,765,1825
"g151",99,341,590,963,921,368,524,424,209,361,786,623,196,534,260,157,339,330,478,583
"g152",330,1658,1893,437,320,615,716,772,2731,734,929,1212,349,414,240,85,962,516,62,330
"g153",603,17219,2452,1685,2,6779,3,1712,2395,879,35115,89,30,960,44868,11377,6192,60,7355,51
"g154",678,1210,867,430,1367,146,794,682,196,542,3175,1991,1342,1642,984,1001,2315,1194,3705,3747
"g155",872,1847,983,1812,790,752,332,659,1815,1618,402,784,144,773,1172,113,2517,1640,0,1091
"g156",246,288,219,500,253,269,564,278,531,179,947,663,640,102,447,248,495,1350,0,374
"g157",1431,2114,783,3332,1824,790,622,945,2775,1575,4041,5013,6146,4695,5203,2446,3867,10074,7469,9529
"g158",814,956,2310,371,3506,409,2455,937,1634,2441,1368,2169,2263,732,560,339,2764,5198,2512,3660
"g159",1697,1265,1848,6122,5791,2473,2214,2579,5314,5487,3195,2817,1386,1436,1285,1052,4836,5192,1745,10593
"g160",6910,3603,4154,1049,2056,9050,5329,2404,20324,8494,6509,16464,22304,1576,151,10,5786,23398,3800,1984
"g161",477,128,498,900,2286,384,727,164,398,250,715,4230,967,99,1114,194,980,8686,3408,1460
"g162",1696,1333,119,112,1964,647,9087,182,1843,137,1860,1016,2291,2039,816,5,437,3653,602,3698
"g163",160,338,6,7,60,567,678,22,217,4,995,46,38,356,100,64,152,522,818,573
"g164",285,874,481,737,1149,337,1281,296,1646,1038,1686,731,1190,1555,1692,1710,2330,2326,1113,2222
"g165",213,437,92,379,119,246,330,125,575,404,167,932,343,535,428,204,652,816,151,326
"g166",1160,1104,527,1655,2850,1110,921,1068,1306,1458,3028,3140,1237,1287,5243,2570,5312,1484,3677,2440
"g167",528,492,794,247,708,352,980,142,237,162,176,1305,124,110,44,352,880,858,2598,666
"g168",1051,2565,2260,362,1240,658,2060,232,500,1126,4408,7615,1294,765,46,2361,6407,665,7968,21170
"g169",6192,1765,1450,3944,4281,1683,4404,2316,1861,4355,2684,2196,1535,4107,2973,1710,2484,4050,7210,3940
"g170",445,1270,796,671,989,662,754,844,1030,2450,253,1112,160,1007,60,897,573,2930,681,667
"g171",5232,1196,916,257,1413,2771,540,121,2314,1686,12424,1825,2379,2677,5356,1290,1074,15668,19845,1100
"g172",8,1218,96,23,252,94,193,47,172,2092,486,68,216,24,1686,319,0,98,3,108
"g173",65,895,698,58,99,52,147,187,467,348,41,2602,199,1363,568,581,2098,2852,301,1356
"g174",230,138,1074,447,624,263,1201,367,486,967,1550,1455,597,504,872,1158,1101,1428,1794,154
"g175",1414,3923,4258,10699,4069,1171,5854,991,4908,1126,545,7506,553,1052,2164,1963,1716,3922,15861,5457
"g176",524,1326,637,495,698,585,518,740,761,1036,957,555,475,419,932,946,1984,3075,531,1600
"g177",69,744,135,292,219,262,131,271,117,233,69,514,215,190,342,130,96,801,327,286
"g178",329,555,359,671,262,138,960,251,192,1004,866,611,649,675,334,1560,1274,2409,986,638
"g179",400,484,425,1187,1000,770,1359,438,532,489,639,358,187,968,1292,1403,2854,1524,585,802
"g180",237,109,170,421,414,759,297,382,472,489,788,1975,356,579,3783,495,1702,4164,1410,2256
"g181",1108,1232,1000,3034,2481,3984,5726,4515,4268,1975,4422,6818,6559,633,8878,1076,5164,22514,4678,2592
"g182",216,294,248,55,194,264,195,52,543,235,377,333,163,229,948,250,273,2125,326,502
"g183",170,1615,697,246,380,424,562,655,66,408,1790,282,614,311,738,123,260,1290,2463,423
"g184",858,1268,4164,686,1488,2553,3869,1747,5305,2935,2514,629,772,1274,3216,1155,5840,5703,5654,6868
"g185",893,879,564,1424,1862,430,2116,568,1095,1547,378,1240,1411,687,1555,267,2015,1724,792,1557
"g186",103,1,33,92,726,1328,48,153,888,244,7,210,162,1631,43,148,4,600,2120,1169
"g187",409,1740,1470,581,541,1250,1549,384,1968,571,845,625,1549,1064,1115,1205,46,154,2122,4982
"g188",603,347,37,287,1487,150,92,624,221,440,2600,24,132,184,796,153,579,490,288,1
"g189",128,156,179,220,748,59,642,103,1065,350,369,1412,1316,367,428,66,84,1260,722,1053
"g190",7114,12464,7805,16542,6797,12325,13252,8813,1626,10798,16280,21790,7870,5163,6842,6302,5988,60383,17445,5968
"g191",368,4756,194,898,1236,601,205,99,1051,266,1986,3181,72,929,2576,1956,1962,673,3605,7505
"g192",1175,1288,152,122,314,207,800,339,66,105,816,654,126,216,66,106,22,698,202,312
"g193",207,496,777,212,206,622,1629,837,2187,1264,93,283,548,447,983,418,1374,446,249,150
"g194",327,27,33,194,46,669,2075,1025,685,42,6,139,25,1382,594,1021,2264,994,370,248
"g195",9,48,569,37,73,120,59,239,49,7,6,8,497,194,28,0,0,2,3167,32
"g196",4660,628,4206,693,1234,1326,3654,1298,199,103,258,2494,928,814,75,1215,63,690,1735,5862
"g197",236,6,413,35,369,394,1457,774,420,65,178,406,266,3096,111,753,446,489,1346,928
"g198",1805,268,215,2133,5356,811,576,394,2435,6741,274,2429,913,1169,1781,542,3270,990,2364,2168
"g199",580,317,182,113,592,300,410,196,420,471,447,151,160,117,228,146,249,627,260,213
"g200",116,354,394,261,27,57,221,473,122,690,453,956,626,750,648,398,3010,2100,340,700
"g201",583,505,556,971,1720,167,497,341,650,1371,296,234,120,189,166,118,260,594,176,88
"g202",1901,7971,5192,2796,6944,4502,4099,4009,7087,9254,921,1469,1561,655,4984,1048,3688,3850,2930,2372
"g203",3555,7535,4992,7024,7175,2360,6537,3162,4725,3096,1949,952,708,897,1205,1686,1778,1160,494,1494
"g204",2023,10457,225,4015,1220,3986,7902,811,5211,3020,1880,2487,2426,4487,408,1594,555,1458,4031,1568
"g205",899,1200,600,770,403,138,872,1194,803,964,257,241,159,220,195,211,296,610,66,234
"g206",156,31,137,62,670,630,11,237,220,894,216,53,132,133,210,144,32,115,206,110
"g207",77,1548,1962,1252,2091,356,246,9,2840,144,138,116,214,317,33,73,160,452,186,257
"g208",230,313,700,459,661,317,859,531,851,802,171,120,107,67,156,31,204,520,272,110
"g209",5918,2828,3067,3612,2982,2559,3214,2138,5675,1238,543,366,650,896,1368,852,665,1530,1052,1624
"g210",1000,2374,895,634,659,834,3102,461,1452,1735,538,100,119,329,554,515,513,2088,294,570
"g211",925,389,643,2249,1262,327,484,357,860,1501,96,133,70,254,194,236,108,923,176,398
"g212",316,341,642,645,146,117,511,207,467,97,188,39,60,82,8,123,354,42,214,239
"g213",1230,1252,334,1730,1192,1261,1136,531,1789,611,173,388,223,298,161,104,556,450,924,225
"g214",266,958,200,257,381,147,186,185,476,78,128,78,87,65,131,76,74,160,46,60
"g215",4481,911,1958,2367,2440,2996,2107,2588,2885,6520,591,759,380,147,519,149,1030,738,1236,741
"g216",141,1337,217,38,1810,625,377,926,147,462,57,144,9,22,36,123,184,92,42,95
"g217",465,3444,1391,496,858,311,1253,317,723,1145,43,431,75,313,319,88,156,378,240,49
"g218",1383,879,214,524,291,309,314,863,170,704,15,125,23,67,133,103,25,126,201,50
"g219",359,176,223,52,423,168,55,294,1290,409,7,48,16,24,140,37,42,42,80,11
"g220",154,511,100,64,1096,113,982,109,230,277,77,120,66,144,155,165,132,170,52,32
"g221",1944,9709,2651,6200,4860,3024,11741,1560,5004,2521,173,497,628,404,723,243,1412,1560,490,504
"g222",1196,539,796,1903,792,270,836,93,656,215,207,59,73,58,288,22,116,882,394,165
"g223",120,213,133,439,206,58,429,187,1132,466,140,79,218,189,148,191,174,96,272,119
"g224",894,409,353,713,930,324,1359,721,586,1204,182,201,114,164,138,129,132,260,396,338
"g225",81,65,426,190,704,572,357,442,1288,920,14,176,1,89,88,117,46,354,75,49
"g226",5095,5757,5257,6581,20858,4113,4969,3347,14495,16719,852,473,600,1019,1076,716,1232,2298,1819,804
"g227",102,4159,1452,4133,4637,90,3895,1006,30,6582,886,156,891,523,1070,56,2628,388,13,558
"g228",1456,775,2445,215,3101,451,556,2465,2834,5875,598,69,270,554,284,97,456,255,693,503
"g229",986,850,964,1194,570,260,471,222,937,1077,514,43,241,179,122,319,464,450,248,328
"g230",871,144,85,863,229,210,262,88,153,370,168,51,128,53,16,59,119,283,140,188
"g231",536,168,209,508,2029,136,3780,294,246,252,423,249,341,388,74,124,480,886,188,591
"g232",289,334,209,285,408,128,271,138,2,304,14,28,29,51,126,40,74,50,446,39
"g233",2226,1403,2068,2730,2760,1987,2463,1583,3423,3112,821,267,204,314,586,402,1422,754,760,483
"g234",3224,1586,3372,762,4588,1206,3126,781,2801,1526,906,613,114,735,838,245,861,1660,380,1198
"g235",2563,2852,5880,9430,4001,3224,3677,2074,4453,1617,648,590,302,1081,2952,1006,1008,2203,2915,3453
"g236",268,404,281,582,976,148,2139,620,966,879,64,311,4,85,287,286,320,726,371,60
"g237",192,265,149,224,229,203,587,307,247,653,38,41,29,67,122,28,50,455,142,163
"g238",106,135,75,1107,234,61,563,876,251,852,130,36,60,10,15,25,248,248,105,192
"g239",474,1616,879,2016,2168,197,2364,653,163,477,655,189,73,79,25,332,738,598,170,518
"g240",761,443,162,882,382,330,1338,533,456,104,120,16,30,58,64,134,273,178,48,302
"g241",234,157,194,1583,409,217,147,585,1341,432,263,64,95,71,46,170,100,216,32,142
"g242",798,673,70,326,970,242,706,535,201,689,264,19,91,262,287,81,298,640,192,267
"g243",52,161,120,319,289,124,157,52,125,184,14,65,5,71,92,80,246,216,56,128
"g244",776,736,1388,1086,1377,926,721,701,1783,2062,423,346,361,440,352,106,230,413,386,405
"g245",4217,96,1882,959,312,1441,1557,166,720,125,10,51,477,971,32,15,150,1963,422,453
"g246",1772,2291,1961,272,1068,1477,858,310,385,3346,56,401,5,71,550,354,144,4686,1200,641
"g247",4811,2166,547,2609,1688,1046,1278,223,1615,666,96,653,592,526,570,164,1024,982,1054,516
"g248",930,1324,769,1050,1918,1395,1471,1129,2690,636,258,437,330,209,386,223,1188,1046,778,504
"g249",6421,51545,10154,3262,23419,27787,957,6075,43067,9757,96,2323,332,1537,5930,1082,186,1274,596,2465
"g250",191,3166,842,1435,1531,396,402,651,1186,2225,156,269,293,73,254,263,494,315,1045,338
"g251",3768,7229,4514,3840,3992,3487,3813,2084,7604,9827,516,736,750,643,3708,349,2115,2560,1250,4325
"g252",46,0,3,17,389,230,554,176,172,33,399,27,26,64,2,196,92,497,108,29
"g253",808,269,115,172,264,567,1057,260,102,253,255,180,161,93,200,49,46,398,548,257
"g254",350,507,964,728,614,395,450,742,1049,767,53,69,114,241,42,128,153,249,66,146
"g255",26,112,208,549,721,388,1342,371,738,416,92,87,6,18,70,12,212,353,158,13
"g256",509,1887,1260,981,403,517,689,751,1889,1509,328,134,53,48,402,186,660,1500,283,423
"g257",39,463,489,254,198,261,156,120,486,356,102,105,60,12,90,62,170,218,438,155
"g258",5287,3556,5423,3984,7538,775,2206,42,5278,843,1036,3377,93,94,1724,598,1239,2193,1818,618
"g259",324,139,1067,854,192,327,41,226,1059,3811,142,111,16,44,6,15,267,0,75,118
"g260",1233,661,2922,329,438,488,420,667,1982,134,2,164,19,170,92,162,216,258,105,128
"g261",2440,5363,1000,2140,2125,573,3351,2543,2282,2973,524,1024,291,348,905,692,779,1422,641,152
"g262",3838,4326,4757,6134,7396,2864,3299,4420,6306,2832,1361,2323,1695,1269,662,416,1634,1080,3114,1089
"g263",449,1241,1086,297,1690,833,548,612,792,1347,532,127,196,92,161,207,248,1176,116,134
"g264",26568,50378,54672,34620,80074,20081,56675,11345,18690,62081,2212,3392,5579,1683,8012,2213,9570,6227,8312,5672
"g265",1009,954,357,322,1052,315,594,1257,14,1300,2,423,245,150,203,316,76,83,38,562
"g266",565,32,19,203,818,71,1429,321,387,27,26,22,9,52,41,6,20,83,88,37
"g267",530,1071,1299,341,767,701,759,2429,1282,325,114,582,258,387,359,246,962,329,191,26
"g268",114,1846,600,199,106,207,863,208,136,587,18,152,45,97,88,53,63,442,312,55
"g269",82,2925,344,532,83,416,327,174,241,392,17,27,24,1,6,3,19,34,77,7
"g270",4267,610,1400,192,514,264,1002,1269,1347,1272,84,21,124,197,310,453,550,217,135,60
"g271",7158,5246,1904,2925,9455,3470,9539,2767,4510,8464,1578,1842,1256,364,1078,1950,3388,6591,3193,4425
"g272",2905,2588,3262,5396,4791,2473,6503,1959,6765,5837,771,521,1113,325,1465,2463,1963,6703,1495,2013
"g273",1996,4422,2292,2620,3563,596,5337,5024,7126,5302,1653,361,696,922,1473,2487,3563,4386,290,3567
"g274",57805,51958,54603,47702,86660,29563,21426,21526,51216,39462,21096,12452,7256,5895,14030,14079,31818,41024,23793,21321
"g275",153,394,465,441,269,562,345,228,133,548,192,256,43,34,138,225,420,326,188,258
"g276",192,5,3427,1379,1033,59,170,624,4104,121,21,30,162,6,63,114,42,3213,35,476
"g277",1082,363,390,1458,291,6,607,753,18,351,135,66,44,143,24,162,221,220,26,116
"g278",282,4296,333,2023,1441,1076,1083,822,1990,972,69,81,130,82,473,35,138,62,128,168
"g279",90,311,176,382,288,77,435,45,44,560,48,59,45,59,58,65,153,84,84,150
"g280",660,189,130,15,979,679,201,39,2230,330,110,92,829,131,284,18,270,58,4,89
"g281",365,305,288,347,584,330,284,210,518,113,89,85,51,112,77,73,74,212,171,148
"g282",1269,2543,1775,1381,619,1475,1643,523,1427,1288,221,269,302,172,665,697,382,503,749,472
"g283",225,461,140,1797,1214,209,533,1033,2503,814,50,257,128,299,315,342,147,272,311,138
"g284",5261,6156,2266,2686,5337,4029,3417,2038,2449,1369,1500,2481,760,1498,370,1161,851,2202,1499,820
"g285",79,380,130,0,9,0,15,54,10,152,186,129,1,5,30,14,6,90,212,335
"g286",377,597,462,498,561,346,488,280,1748,53,132,110,85,48,160,57,338,854,81,228
"g287",916,673,1816,919,4489,322,1046,374,505,992,414,25,24,238,159,242,634,1246,50,206
"g288",365,615,285,386,753,185,700,260,530,410,313,155,107,106,436,70,266,222,183,287
"g289",1047,2944,20,2660,352,105,935,1082,1377,1581,101,205,84,74,23,29,108,216,75,51
"g290",551,755,145,552,480,537,95,226,235,61,55,245,11,85,125,70,130,160,239,735
"g291",428,840,352,746,592,555,874,313,919,1604,860,342,30,70,605,131,143,72,918,264
"g292",527,7,153,13,1889,73,261,2036,48,1624,675,321,611,205,720,251,2,0,213,333
"g293",16980,28733,47559,27997,16333,20030,38608,19394,19205,12077,5030,3101,2332,3019,6293,1028,4795,20698,5587,6180
"g294",5757,2637,6715,1412,2239,6549,5689,4709,4638,3621,1359,1100,398,858,1788,388,759,1690,582,2502
"g295",1000,8533,601,4042,513,512,754,1488,3561,2491,244,840,328,86,304,530,2181,1485,1100,480
"g296",1584,3486,3,1185,4154,163,104,246,697,16056,1263,81,316,293,1298,41,216,3,347,1791
"g297",1234,360,1402,754,234,225,267,504,2095,721,244,107,13,268,135,176,60,132,2,38
"g298",872,133,357,344,850,337,254,815,797,487,37,62,53,57,66,203,50,122,182,57
"g299",43,1159,1007,343,472,391,414,770,923,462,71,85,121,99,147,82,86,116,162,483
"g300",958,1569,518,386,1312,238,569,740,1039,1334,550,216,46,98,235,110,390,746,300,274
"g301",356,735,410,477,1023,649,583,114,371,627,557,88,74,246,581,66,565,102,185,93
"g302",1016,578,324,57,289,635,990,308,2336,550,28,179,29,37,249,113,425,179,72,84
"g303",65,737,413,646,648,95,977,889,320,48,138,58,81,13,88,30,32,6,38,288
"g304",652,1222,2973,276,0,1288,236,305,556,5,5,46,992,5,1400,24,854,122,8,3
"g305",30112,15749,14368,4664,11179,5237,4130,9113,35440,12761,1300,4918,1088,1479,2209,1390,5168,4375,11133,1096
"g306",146,355,243,320,368,150,607,400,101,639,6,108,24,68,30,5,18,679,176,34
"g307",285,6290,3101,3002,6472,3744,4921,7769,2839,1638,946,677,164,756,2555,1390,1750,268,253,1251
"g308",44,109,216,158,1051,131,344,73,317,61,36,76,22,197,46,21,66,252,69,50
"g309",405,2943,701,2563,663,598,1301,844,372,4854,499,462,600,784,218,34,1514,186,476,588
"g310",852,1072,454,958,804,797,943,371,1711,511,196,281,125,219,330,97,370,770,162,340
"g311",339,1255,1339,1059,1824,60,2631,123,1157,1367,230,1123,233,37,84,139,12,522,147,242
"g312",80,622,450,918,297,308,505,925,902,875,38,43,28,36,18,8,96,144,175,99
"g313",248,85,524,257,591,299,490,237,906,371,58,146,68,51,140,67,170,888,102,162
"g314",414,485,22,9,3306,93,458,91,14,1070,3,73,40,31,32,35,158,189,110,118
"g315",281,376,96,1001,2215,349,196,400,419,685,95,56,64,52,38,52,298,242,137,156
"g316",3615,599,4757,4700,19299,3551,12973,5371,9984,5840,868,2788,782,1527,416,828,1684,3059,927,3982
"g317",1014,261,1572,905,14,67,116,411,240,444,334,59,6,83,8,1448,3,16,67,384
"g318",164,514,225,811,326,276,446,224,686,266,118,150,9,188,163,210,125,150,78,522
"g319",330,519,152,414,637,758,458,368,703,1148,362,72,117,119,450,480,303,226,101,498
"g320",2196,3461,2752,812,12505,1997,6857,3971,3219,2837,887,467,642,262,130,453,1586,984,1120,549
"g321",23434,34751,38683,46898,37060,15967,52622,27192,52933,54865,5182,15161,5434,9617,8096,6140,6890,23275,14056,6779
"g322",184,714,995,2020,187,169,885,180,907,277,173,231,215,101,204,238,1214,1044,470,249
"g323",389,944,621,357,687,187,653,109,321,178,214,158,140,37,228,152,188,138,135,430
"g324",574,950,1474,1933,1226,766,447,1030,892,804,118,302,210,174,446,279,665,1223,254,1028
"g325",909,2902,1118,2612,1761,2772,3637,1109,1752,4495,1576,1437,351,381,262,340,1424,810,2005,1953
"g326",469,50,25,2578,1608,427,2735,1077,164,630,285,110,4,35,52,4,838,676,273,18
"g327",1114,5,6,84,102,90,0,110,610,786,13,186,6,1,8,11,4,2,5,18
"g328",3297,4198,996,938,2031,580,225,4716,3767,2745,300,1301,411,53,358,145,540,914,102,321
"g329",13,25,261,108,571,56,566,175,1029,85,126,14,38,32,10,153,66,340,134,293
"g330",240,596,726,415,490,49,242,209,186,163,140,174,95,160,172,130,26,274,45,28
"g331",227,55,529,228,307,43,232,729,195,78,10,120,27,58,42,9,2,42,161,74
"g332",615,626,137,396,1255,527,638,1543,1216,1344,58,181,160,47,196,52,84,140,138,122
"g333",1049,761,1310,443,1495,1166,1468,314,709,1295,1365,63,331,433,1348,433,480,1187,180,536
"g334",480,1099,386,982,1114,476,1537,468,674,728,160,107,127,106,200,187,255,288,239,173
"g335",662,51,111,484,1176,579,765,414,409,1017,2,147,239,48,174,218,30,80,259,304
"g336",848,1572,301,1323,534,519,982,283,1221,600,76,94,120,164,150,148,490,280,255,194
"g337",558,1400,265,356,450,101,572,720,776,342,118,74,44,70,56,229,641,166,117,184
"g338",403,778,445,640,1355,710,556,316,2430,765,5,193,344,36,51,87,364,102,278,334
"g339",851,2577,1466,966,1560,1119,619,517,704,1580,99,147,155,201,182,35,340,328,125,176
"g340",234,343,74,264,594,248,428,308,207,394,65,164,72,84,36,145,305,128,96,76
"g341",880,529,516,598,1021,978,199,688,124,742,183,135,64,177,94,335,399,166,65,144
"g342",13,768,68,605,1072,440,409,326,184,306,335,160,103,114,84,120,158,402,176,102
"g343",633,1716,942,1752,105,1150,292,1088,2786,389,72,236,50,195,218,120,74,43,225,264
"g344",138,143,421,183,449,63,84,85,649,401,87,83,210,92,116,49,512,254,69,152
"g345",696,1421,926,236,1513,1013,1676,1253,1329,444,53,140,94,83,186,169,120,80,167,344
"g346",8144,428,340,1342,315,0,446,1104,781,0,6,108,5,97,300,79,171,1962,552,890
"g347",86,1014,339,241,380,554,1365,508,866,286,289,293,76,168,22,167,302,844,45,18
"g348",1169,525,675,1368,1430,316,1008,248,1124,850,16,210,47,30,208,26,229,333,259,278
"g349",11,1,58,1236,22,539,930,135,468,18,8,17,9,659,284,0,40,154,62,96
"g350",827,1838,1271,460,1427,807,156,360,264,923,198,63,20,108,30,187,104,264,106,140
"g351",320,84,419,504,281,491,248,704,1114,2323,68,565,29,386,762,102,174,334,470,225
"g352",2599,2432,1170,965,585,1144,2390,919,1074,506,401,317,368,235,594,129,507,537,233,303
"g353",636,602,246,1261,420,416,864,722,892,606,114,318,172,65,205,81,564,390,107,168
"g354",2339,319,286,632,1963,2092,790,1009,5390,1117,339,239,356,214,10,205,596,184,738,657
"g355",967,5202,11315,3722,6852,3777,6971,3787,8542,6111,2405,711,400,646,760,126,2546,1230,1823,3384
"g356",633,455,1461,834,1383,449,462,270,108,157,650,6,36,30,44,130,15,98,63,47
"g357",1017,1645,459,3879,1859,438,811,473,1201,897,486,775,531,184,375,955,1515,844,1134,795
"g358",2068,1079,1344,1479,1006,1098,1958,1416,850,138,186,274,485,351,510,191,896,599,388,198
"g359",276,923,779,871,1092,445,735,571,1132,608,44,56,184,97,49,81,161,194,254,144
"g360",911,3935,1120,6320,4807,521,848,4952,952,276,104,512,511,267,90,394,2048,2889,1464,636
"g361",6829,4665,6801,11870,6704,8444,2771,6771,5633,7562,1541,830,1548,1666,515,1177,7854,6738,2402,2430
"g362",1427,1343,1246,1054,2730,652,1409,562,1656,1442,320,148,412,238,252,386,2475,1734,558,542
"g363",1579,1053,2065,3044,4561,1610,2678,1458,1601,834,82,203,334,72,536,50,154,343,309,316
"g364",627,303,857,635,3586,729,173,1472,1021,518,172,320,161,464,120,350,163,126,587,31
"g365",390,734,546,633,1355,717,1231,984,785,1177,744,180,261,321,310,52,324,570,488,263
"g366",261,729,511,2361,1,31,715,403,433,5,8,17,464,222,1,574,403,566,127,3
"g367",5085,2480,4243,4544,4717,404,594,3557,3047,83,485,967,220,105,370,213,253,384,606,724
"g368",344,552,60,1304,60,25,581,903,1070,23,735,68,2,205,5,56,45,68,542,92
"g369",688,375,401,647,455,58,179,318,325,134,66,89,116,21,304,42,38,18,56,68
"g370",52,865,772,205,585,167,641,958,93,294,1180,462,172,461,528,0,762,125,448,423
"g371",219,733,496,413,785,112,308,244,372,638,70,37,19,69,88,40,53,128,154,168
"g372",18163,32319,12911,35605,30308,11514,41258,12404,13291,10866,3762,1551,2902,2615,4986,3546,2663,11940,13525,7295
"g373",638,350,301,235,520,284,869,24,538,336,77,153,57,60,210,69,138,110,252,107
"g374",560,1785,364,1140,645,599,1539,1014,1959,664,252,209,60,306,277,47,197,275,527,155
"g375",354,838,57,459,214,70,383,191,192,407,295,0,2,14,12,15,108,186,45,58
"g376",2631,3224,3684,3067,7749,1006,4840,4201,5236,2348,801,833,618,612,162,430,2429,2880,1370,1472
"g377",1000,404,54,947,149,1774,1977,940,1319,391,585,1211,423,520,15,14,493,1330,94,650
"g378",5478,1802,6772,2699,7947,2120,3115,1060,5347,8167,988,3520,426,661,1223,1958,1895,1108,1552,4482
"g379",538,2539,869,203,434,1298,312,172,1652,546,380,172,245,208,678,2603,143,48,119,255
"g380",1259,4688,2732,5568,6348,1204,3167,4441,3457,5384,1145,3019,2361,1212,516,1213,7273,2530,5790,1584
"g381",335,337,318,1878,728,266,3272,591,3035,16,100,120,27,107,44,104,57,318,162,75
"g382",271,1223,92,343,185,314,157,56,5,657,88,68,142,17,27,68,299,208,78,342
"g383",141,335,677,280,297,216,170,179,273,580,75,104,19,55,6,21,21,86,51,51
"g384",451,1083,464,936,1062,632,404,610,645,781,327,144,83,135,146,78,150,323,173,212
"g385",747,996,470,677,807,364,1059,411,1505,1120,234,166,70,35,56,173,398,308,83,66
"g386",869,2223,864,2393,278,1522,3087,1340,3852,691,26,833,254,117,426,664,521,2220,2525,1175
"g387",2293,447,1096,483,1217,1092,593,1160,942,1948,149,251,84,237,160,219,186,28,368,116
"g388",206,380,447,606,373,364,450,271,449,313,206,24,56,94,45,43,220,132,329,39
"g389",279,368,235,243,452,521,682,649,225,115,76,56,83,43,140,67,68,54,68,31
"g390",239,1275,855,984,731,412,303,492,437,894,468,106,72,39,42,187,170,542,113,264
"g391",267,737,859,562,37,3,1185,581,2150,991,62,37,157,106,179,56,95,93,419,344
"g392",384,403,307,1122,1979,231,404,1215,268,1703,156,1155,30,197,516,300,34,1018,9,190
"g393",632,8872,3636,548,1152,1048,77,2069,2273,33,95,368,36,169,51,17,167,80,261,186
"g394",2636,2443,1168,588,850,858,974,5605,2143,557,98,1881,136,558,372,102,210,1278,795,159
"g395",3348,7415,1200,4357,5408,3333,2401,4041,6804,2138,689,1101,273,189,369,126,536,2022,371,205
"g396",38,70,147,245,2984,291,876,64,402,934,27,122,50,138,23,62,221,2,41,18
"g397",663,3280,211,2876,35,187,715,377,374,805,33,191,6,154,21,62,865,146,41,700
"g398",19,57,259,66,48,178,289,16,1012,163,195,18,9,15,6,111,124,3,50,80
"g399",1133,2476,1348,2254,2531,2579,1314,2038,2927,1638,267,486,454,522,203,558,1066,704,762,378
"g400",1601,313,83,2469,1521,285,1732,1392,844,1823,80,583,87,387,846,192,450,210,388,242
"g401",107,328,99,410,250,338,355,43,275,773,112,246,135,154,153,204,240,191,130,89
"g402",2543,1147,359,586,3202,1893,1370,219,5776,3597,549,438,549,224,1393,344,889,1209,215,56
"g403",704,459,1045,500,1807,263,581,1814,322,363,133,413,409,567,240,246,218,87,191,7
"g404",6427,4624,2233,3893,3979,1101,4464,3643,20276,2669,2437,921,3240,1583,2937,1544,1556,257,3722,1139
"g405",57,2289,707,2949,9726,1096,4658,486,708,1998,791,327,271,578,58,721,864,794,646,333
"g406",10620,21885,7460,21291,18731,12718,15544,11609,18630,24489,6124,12690,7783,7155,5821,5749,12117,10267,7730,3611
"g407",2171,94,0,0,345,114,65,6,4,1040,274,932,0,100,676,94,983,4,713,1437
"g408",202,158,508,444,732,163,372,343,691,196,162,243,165,40,103,55,273,113,464,209
"g409",241,787,577,38,2421,270,687,161,54,474,14,6,36,4,12,0,0,11,49,258
"g410",5607,9974,7426,10164,6456,4374,7411,5990,4534,4543,2674,11807,1866,2927,2980,2568,2021,6232,3035,1694
"g411",1658,4043,4034,3622,1056,1177,3350,973,1642,498,533,1726,879,1017,234,1320,770,346,1840,283
"g412",1110,3073,2235,8649,5506,1702,1961,2227,2775,5188,1868,4593,1833,1167,1397,1703,2537,2014,4273,3233
"g413",756,1099,493,286,935,1007,1306,686,890,1947,602,369,268,596,425,68,543,443,609,857
"g414",272,1143,122,800,1030,96,59,283,73,1366,168,268,75,464,68,249,187,107,58,198
"g415",383,366,397,125,237,325,330,373,63,122,117,108,240,377,27,48,21,185,107,204
"g416",92,1174,301,235,138,27,629,239,1723,828,138,95,432,221,99,165,400,264,360,627
"g417",999,1714,869,1338,157,502,1615,34,3438,3257,270,159,294,345,137,253,247,113,479,32
"g418",239,426,94,179,1161,503,92,364,713,929,99,161,97,100,297,47,169,244,141,16
"g419",311,835,476,570,1026,442,812,197,864,428,22,117,162,398,143,226,230,439,328,138
"g420",104,144,306,348,317,147,460,215,1141,219,208,203,185,85,30,161,78,190,152,60
"g421",7157,5188,3692,8213,1122,1728,14654,4724,20287,2707,650,621,507,854,537,1094,1758,1604,2545,2046
"g422",315,1005,66,537,290,340,732,82,378,500,92,100,207,216,76,87,315,39,100,349
"g423",1188,3066,1808,787,2237,4076,2796,2479,3185,2025,731,1538,649,1013,670,392,2075,2497,1536,993
"g424",1263,1300,689,285,489,823,1113,346,395,176,187,448,87,367,105,198,762,262,142,411
"g425",1236,118,186,289,317,144,728,298,242,330,53,111,181,93,564,171,66,131,25,15
"g426",489,310,318,626,354,105,587,259,989,389,266,133,55,218,367,99,342,413,190,382
"g427",537,1196,2872,805,3869,846,477,230,1855,2268,769,289,1276,252,628,1513,1180,245,1094,442
"g428",49,1053,251,4683,18091,2734,1450,1646,3274,1936,7239,3965,4033,3047,2221,1603,1099,10107,4846,863
"g429",947,417,174,894,600,426,461,1659,326,1553,177,604,203,245,132,545,487,666,574,436
"g430",238,1289,558,213,26,235,886,946,1022,278,23,194,156,168,170,303,442,476,288,138
"g431",747,1194,352,433,273,248,341,468,793,611,240,571,96,158,254,193,208,519,216,187
"g432",199,10,832,190,171,154,445,547,411,26,104,102,12,63,24,216,68,10,30,92
"g433",204,189,292,221,90,255,628,866,344,80,426,151,67,137,94,37,165,84,161,116
"g434",1632,3906,4085,4610,1413,2975,1429,1299,1791,3681,407,912,1009,1038,915,191,817,904,966,973
"g435",505,684,308,1586,428,720,105,129,554,128,28,157,450,24,257,125,618,388,455,377
"g436",6614,1490,11169,2760,4901,2032,1927,4585,2288,613,1294,1094,835,266,85,5876,148,2980,530,7201
"g437",1446,1551,2236,5698,184,1875,999,1075,2584,913,347,1222,420,8,247,1536,476,226,995,630
"g438",1551,1255,131,6163,36551,5702,432,10857,960,14129,4864,16937,3223,11315,304,560,1604,4777,9217,4015
"g439",1485,341,187,215,1098,20,165,1,79,1157,354,520,18,35,163,165,78,1115,381,486
"g440",3535,891,533,732,866,102,565,365,571,503,469,528,62,117,426,1636,338,1088,709,185
"g441",916,1167,337,2253,1464,1145,1297,1111,105,1016,133,109,1025,90,209,599,191,241,598,200
"g442",4595,24156,10157,5218,9775,11988,36928,10575,2916,4335,5216,3433,2637,3413,3062,4498,2266,14947,4457,2721
"g443",148,312,349,1483,5411,306,1028,1781,155,587,328,753,99,340,587,562,357,574,515,147
"g444",209,156,464,100,515,359,178,20,723,1687,3,62,790,105,1,79,142,454,168,57
"g445",3953,7452,1084,7733,5617,4655,5424,2586,4579,5655,872,599,1684,688,619,1634,1319,2845,2309,1507
"g446",467,2054,406,1690,736,777,953,252,495,657,101,596,97,550,106,238,315,555,420,219
"g447",339,240,268,592,385,462,382,305,374,218,141,228,190,206,81,300,55,67,202,262
"g448",5676,7436,14820,7090,38217,440,13453,2277,12291,16303,1423,20780,8944,19410,5598,2220,10808,5168,15269,4480
"g449",96,412,75,881,545,83,454,21,390,504,221,74,9,142,103,39,48,193,17,344
"g450",617,955,1007,2208,1185,1212,1375,528,2623,1142,342,573,237,228,245,398,1158,279,268,468
"g451",249,789,797,3510,1148,1535,2896,842,1149,1428,1564,194,646,364,393,136,533,1431,637,644
"g452",230,234,442,925,299,462,446,92,117,98,211,73,48,135,148,135,210,174,172,93
"g453",148,1424,128,2320,488,211,196,1501,1170,394,150,423,227,239,250,70,415,167,416,68
"g454",981,1579,84,788,2472,466,804,937,246,1787,425,396,148,157,72,145,401,327,213,211
"g455",4831,2445,2292,4841,5361,615,7303,2656,5239,1732,733,611,781,989,1016,231,777,2462,1807,591
"g456",2419,1339,2066,8663,616,655,1595,728,683,2210,725,1708,462,41,220,609,1831,33,76,585
"g457",224,341,917,775,161,87,638,447,646,593,279,444,182,403,67,171,117,186,314,463
"g458",144,87,28,545,406,152,523,836,490,385,544,300,703,209,214,557,276,303,89,301
"g459",22279,71874,22478,40117,19915,20929,25669,45230,28694,31716,7593,15952,13429,7384,10047,20509,6729,44923,18693,17443
"g460",897,395,22,2876,3625,125,391,2306,2193,1994,46,1381,844,67,561,8,1466,1290,362,11
"g461",899,1957,3866,2162,3050,918,1725,1213,697,1129,162,542,59,60,828,489,421,521,598,144
"g462",8250,5483,4635,61366,2427,30,708,8,3331,9044,299,573,9034,3081,2466,5989,5010,723,248,7206
"g463",602,1037,933,1239,4606,1109,940,1202,986,1125,603,1336,586,421,747,809,952,1018,1078,351
"g464",2104,3023,999,1113,2720,1392,2468,1145,1630,4079,942,628,1014,751,438,658,651,968,644,454
"g465",769,2025,1393,2379,1457,1086,747,1198,3512,1898,390,539,1017,377,743,908,646,1139,440,564
"g466",1001,869,469,384,852,237,443,163,1371,894,116,381,262,449,72,217,344,267,36,223
"g467",248,471,262,404,563,386,202,143,243,367,148,55,174,268,70,209,123,497,163,76
"g468",188,859,417,804,331,498,734,839,726,1052,150,634,227,314,272,449,158,254,413,109
"g469",388,444,830,104,71,248,400,65,24,492,109,189,181,182,5,279,124,85,379,40
"g470",1176,5099,28,363,5,28,7,22,126,23822,2699,38,266,2793,974,3578,37,6965,0,1404
"g471",624,1670,1781,179,590,199,89,278,22,235,76,13,166,279,103,240,17,7,8,143
"g472",311,654,120,1403,601,38,738,1101,302,326,129,123,162,430,238,498,532,365,359,788
"g473",158,496,321,268,378,226,490,260,394,463,63,125,145,137,100,140,193,108,166,163
"g474",128,1634,543,663,428,393,404,206,835,558,134,157,268,29,41,143,526,406,76,397
"g475",950,922,1061,2296,1233,419,2064,588,2357,1576,310,1290,353,290,157,399,902,373,820,396
"g476",806,426,657,83,706,68,204,1795,2345,2,8,559,31,408,194,346,119,48,808,3
"g477",461,2397,627,1600,1085,1251,1590,2085,502,1132,481,699,261,442,494,327,561,510,568,861
"g478",1233,1871,3231,3466,1535,1636,8387,991,768,983,334,3881,1289,1564,634,2089,2373,842,806,366
"g479",13,616,396,933,533,133,210,122,106,167,59,69,226,96,168,328,205,286,198,78
"g480",733,1189,678,2526,2005,362,1293,843,1048,985,258,828,330,411,233,773,445,757,711,155
"g481",3692,3984,916,4557,5026,1828,2568,3617,5828,3992,535,2153,1849,1008,1720,667,469,1361,2621,463
"g482",2176,410,1049,1640,1246,100,917,212,1243,1195,913,673,233,2116,341,440,156,426,355,188
"g483",1065,573,1095,2351,1606,1675,2395,1187,1264,2489,969,915,937,385,398,241,1054,370,1493,522
"g484",5822,1953,3346,8602,3621,1755,6338,5699,2591,5628,825,231,2198,1819,298,1731,337,1526,2237,1405
"g485",1889,9609,5438,13052,2597,1450,11695,881,15706,1669,373,918,4393,947,242,5665,6119,1424,3190,4101
"g486",313,709,40,100,2752,73,1,79,2004,543,615,11,85,506,19,225,665,137,296,295
"g487",1060,1492,1102,1126,1074,495,1354,700,1503,744,1018,118,338,530,338,418,1088,405,217,147
"g488",146,915,666,1249,251,759,1699,158,713,1647,598,210,694,96,66,539,273,473,94,8
"g489",957,101,330,402,206,786,380,227,543,315,92,77,113,295,432,7,201,230,189,454
"g490",325,370,523,435,171,322,670,416,865,522,118,47,101,31,110,320,120,64,406,191
"g491",1528,11927,8,3594,15160,40,1089,3474,5862,1345,935,347,1075,487,1566,1263,3510,681,1081,167
"g492",1859,3847,2170,2436,386,1513,808,920,3948,1826,259,1002,365,1912,935,399,1864,1805,1511,781
"g493",7298,2823,316,84,2777,1547,141,3,5420,316,613,2065,5,15,575,62,1482,545,625,679
"g494",123,1196,444,366,87,50,1930,37,167,577,311,23,543,47,251,168,308,115,184,194
"g495",705,654,1035,1250,3387,373,572,590,908,1442,236,1047,740,1844,129,1184,677,504,529,210
"g496",126,1646,111,387,1522,545,1433,376,526,1691,166,1029,350,157,276,299,344,334,462,193
"g497",4067,1090,4608,2578,2753,728,1533,1436,2961,4164,522,264,1976,625,673,477,1529,3132,1921,1032
"g498",55,167,41,918,265,215,425,92,791,184,126,270,187,256,10,222,91,381,49,293
"g499",16,41,389,7,38,1,768,0,37,33,23,0,25,7,58,84,148,60,356,31
"g500",935,2660,1441,84,1206,204,564,458,2030,840,663,1217,857,610,737,551,546,727,427,329
"g501",184,124,23,627,114,216,22,112,129,210,89,210,52,70,63,187,243,259,12,84
"g502",98,26,163,241,112,148,266,577,179,207,430,248,62,52,481,162,80,263,288,11
"g503",433,1506,487,1054,1112,762,648,350,1667,1626,322,800,214,509,122,551,456,556,486,300
"g504",2416,1274,5659,899,5954,1821,5970,1622,956,3147,35,222,673,201,1430,491,167,462,2804,750
"g505",449,3922,115,1101,4549,512,1713,854,9201,5061,25,342,71,39,144,725,1622,723,1891,653
"g506",1124,2886,3783,4802,6362,2081,4690,1779,5511,8345,1150,1614,1260,1163,751,1323,970,4993,3602,1125
"g507",1379,782,842,465,1816,447,1288,952,3223,688,594,715,140,842,218,731,876,359,334,1046
"g508",684,1321,390,1312,788,978,1324,1343,2445,181,575,376,273,155,651,169,1263,1367,586,506
"g509",324,271,754,497,418,81,734,144,71,466,313,561,110,340,212,80,160,167,403,70
"g510",508,1752,256,3470,145,556,565,483,434,2438,277,223,307,350,287,95,259,360,260,449
"g511",996,2308,1314,3448,4320,1390,6244,4846,4391,2020,411,928,1195,857,999,1780,2675,1468,807,1662
"g512",102,671,532,895,447,136,199,83,370,1370,79,353,465,373,91,322,404,60,170,7
"g513",1966,2285,661,1702,2004,265,1350,717,1200,874,249,846,749,315,417,286,267,349,425,654
"g514",40,108,156,95,555,420,323,159,1672,924,227,459,620,104,2,240,411,865,32,45
"g515",5807,21429,4334,6579,13485,1574,5674,9789,20875,15404,2148,6348,4320,4119,3575,6042,1818,1572,11452,2230
"g516",2014,3014,95,1235,5509,1094,1279,336,1322,887,1451,339,154,1071,609,789,497,155,773,200
"g517",103,58,1358,1501,487,233,687,533,1404,526,790,297,495,1397,541,266,846,2026,1183,36
"g518",69,310,171,349,669,108,527,199,749,577,200,146,73,192,184,101,36,127,31,156
"g519",514,626,806,1525,1053,972,1485,351,1057,1006,402,186,627,120,314,118,1105,83,445,232
"g520",695,2155,645,675,1936,1399,2002,1662,1201,1023,389,567,295,587,319,902,465,422,381,370
"g521",568,1540,456,546,1246,507,230,305,637,1255,975,859,269,249,176,324,243,247,104,533
"g522",213,0,32,978,9,336,482,13,871,600,97,249,4,152,12,137,242,186,535,24
"g523",155,904,326,747,648,985,167,444,1085,893,130,424,150,134,90,131,311,126,295,195
"g524",314,885,477,3754,894,1543,2487,321,998,288,360,314,62,155,73,751,28,92,569,37
"g525",1029,25,406,727,3501,165,86,780,1581,145,614,15,567,1,179,339,246,278,330,524
"g526",4198,5619,4397,15199,7502,3668,8213,2045,5336,4770,1028,1478,1905,748,2070,1823,3500,2723,2228,2217
"g527",270,504,329,328,59,192,737,157,337,555,173,124,173,126,464,108,224,221,200,165
"g528",4081,17121,3763,3112,4468,5472,12324,5276,19209,11394,5216,2377,9587,3363,2946,4844,5905,5036,2489,2286
"g529",484,436,122,1027,381,362,319,455,277,563,110,166,158,122,141,139,102,246,122,139
"g530",777,487,423,703,542,524,1452,429,599,869,153,221,117,200,130,406,252,202,371,151
"g531",1192,265,260,446,1382,459,142,1301,280,1732,235,587,134,438,155,168,147,114,68,249
"g532",264,41,1262,3621,1028,61,694,1065,525,120,147,350,469,392,55,243,258,538,738,448
"g533",354,1570,422,317,349,411,685,646,551,322,1,592,235,219,124,82,138,118,165,47
"g534",2551,4186,2595,8164,3123,2195,5352,3554,1100,1421,2463,921,627,2105,2776,1029,301,1321,2949,1506
"g535",177,738,557,672,957,411,187,226,766,1116,289,98,64,412,83,276,439,92,176,143
"g536",1291,9848,2504,6438,4993,2799,5227,1823,3065,2835,968,1074,483,2064,871,1297,1245,2584,1712,1998
"g537",21,232,240,479,584,210,281,79,401,1026,17,158,9,48,24,118,163,51,41,26
"g538",504,1857,775,1235,419,960,1386,759,1272,495,501,297,195,283,213,126,282,682,237,173
"g539",1268,2660,640,1622,1853,693,1089,639,1192,1498,391,447,426,101,502,553,228,647,492,308
"g540",776,1961,374,856,740,425,339,762,210,1018,548,34,40,314,113,189,157,453,364,841
"g541",1120,958,33,1083,419,113,1599,704,2698,751,162,203,377,361,80,185,288,65,494,144
"g542",335,75,235,155,176,84,321,90,335,178,158,120,159,136,66,485,255,84,229,124
"g543",233,477,854,438,1230,492,90,338,625,1161,69,54,121,161,136,51,148,273,490,202
"g544",4459,958,1561,5661,2188,1308,1423,1160,5343,1860,1223,1014,251,583,1442,1718,801,1637,127,511
"g545",2614,2560,1007,4079,3003,774,3627,931,2177,1799,786,455,2482,765,1199,1131,2498,1119,2684,474
"g546",235,937,1532,1699,1683,546,1905,527,489,1868,280,1107,140,162,207,73,46,349,376,279
"g547",375,445,667,1118,243,524,669,275,993,338,176,134,150,345,133,101,90,323,334,199
"g548",347,34,136,408,382,80,258,102,73,165,57,34,22,81,85,82,132,172,105,48
"g549",358,707,281,239,1714,270,651,138,1688,497,75,37,101,178,116,36,143,144,168,283
"g550",7053,8836,7942,8847,3736,5763,5589,4742,6977,12135,4024,2280,1370,2297,3036,901,3046,4757,2616,5863
"g551",5446,2870,722,6106,2528,2686,1670,1097,4119,6500,1646,197,1471,969,1094,1406,3453,2485,307,81
"g552",712,1505,1605,3639,1342,1485,1198,360,1139,1022,486,237,584,882,208,213,744,557,761,333
"g553",5373,4612,2880,6722,6313,6710,10111,1106,5702,6969,1305,1800,1833,2979,1591,606,11499,6500,2390,5343
"g554",147,590,669,403,2060,534,1917,650,1857,451,188,310,63,120,43,265,179,663,559,379
"g555",2610,5408,3234,3295,1694,2126,1485,1449,1021,3433,1628,628,951,959,575,1515,246,1074,827,2027
"g556",1060,2601,1359,1987,2313,512,2674,100,967,853,130,238,514,316,609,281,580,478,243,119
"g557",87,27,920,23,610,0,253,327,161,878,357,205,80,26,1,69,13,59,281,56
"g558",183,1144,1888,425,809,166,437,556,224,1935,268,179,30,52,167,24,212,217,275,180
"g559",1006,1497,749,536,1602,2162,279,617,751,937,328,247,329,650,261,292,516,732,577,184
"g560",2951,4653,1140,1984,1547,870,2062,1144,1770,1976,600,491,573,559,574,422,1094,497,1195,307
"g561",477,1578,265,489,666,407,242,62,71,438,24,389,139,176,8,690,227,171,177,59
"g562",2443,4581,2873,2868,5600,2109,3526,3277,4855,6234,781,2054,2540,1640,2314,3053,1358,2341,1936,2872
"g563",2844,1197,1093,1439,2294,1136,894,511,819,1365,431,1153,523,239,346,551,401,784,621,534
"g564",3130,6430,650,7354,8791,2645,4324,1697,1443,2383,547,2254,650,2035,593,1888,1661,1906,880,1408
"g565",289,556,687,587,377,124,2117,411,924,2820,508,310,183,40,179,252,898,571,436,692
"g566",670,564,1405,1280,537,486,796,561,269,605,320,321,33,113,133,311,134,178,211,493
"g567",449,1002,724,1528,479,430,790,943,1148,1091,327,306,193,259,382,518,260,407,336,218
"g568",105,134,61,68,62,25,688,309,125,23,126,48,43,102,30,83,96,86,46,90
"g569",239,389,1323,689,1278,261,980,954,947,2520,331,128,92,373,198,153,233,438,204,247
"g570",5966,7176,7836,7723,2470,16479,4790,7224,8808,2133,783,4284,2564,1034,2277,2107,3819,2196,3260,2714
"g571",200,796,1274,20,403,259,527,245,1031,674,227,144,16,72,47,248,173,21,174,10
"g572",460,2270,330,501,1982,955,1504,1446,1161,2201,312,917,574,626,1009,317,1750,1083,436,616
"g573",594,432,1864,1500,1079,742,448,642,3223,594,489,779,903,328,188,330,558,523,705,174
"g574",9,460,589,222,167,28,128,7,311,231,71,111,96,41,80,80,320,138,8,186
"g575",271,1792,90,64,127,115,344,51,916,774,35,12,563,74,226,1175,536,2455,0,177
"g576",2096,1092,3223,2636,10586,6506,5238,9034,3340,3055,2207,1391,2281,861,4470,4211,102,894,2054,1408
"g577",1240,1551,976,2028,1222,692,1547,907,2209,2324,1089,517,676,983,655,340,512,803,329,477
"g578",351,506,522,1041,1672,722,213,485,1033,606,96,425,272,386,264,401,393,260,329,309
"g579",135,377,100,692,172,37,233,245,278,265,368,214,79,343,20,49,49,240,219,52
"g580",1567,2760,1288,2170,1117,636,1421,951,1060,3132,749,1135,598,678,711,252,1543,1101,1355,488
"g581",2685,6471,10010,4046,2451,2257,5204,2575,6799,5473,1444,939,2375,1701,991,7276,4304,1699,1077,2383
"g582",57,45,59,23,258,49,30,25,864,181,73,118,32,0,104,7,8,515,21,157
"g583",638,454,788,375,797,627,90,348,754,461,107,278,361,362,279,299,267,195,461,106
"g584",320,1200,341,26,177,400,293,658,27,86,211,235,86,92,109,239,76,32,445,48
"g585",4322,3648,2303,3588,2797,1755,3631,3991,4429,4903,1359,1440,1569,1450,1344,1375,2107,2258,1574,1800
"g586",319,748,191,201,181,95,757,454,176,801,149,178,217,347,374,116,324,280,57,408
"g587",3563,7781,8665,8402,5139,3625,10603,13689,1838,7800,1969,1614,1137,1582,1395,225,634,641,1825,1272
"g588",3330,8628,2237,607,583,177,1003,1903,6680,2088,290,6477,1465,513,18,43,124,2446,391,2869
"g589",325,1877,1054,530,1251,1104,550,32,693,1072,80,302,542,30,493,427,2012,878,47,179
"g590",87,169,67,55,323,8,15,67,570,2,74,42,101,49,2,5,59,31,56,71
"g591",428,695,230,558,494,225,427,73,156,586,33,142,208,107,23,174,138,49,108,127
"g592",798,27,761,764,924,3822,15708,2221,247,84,426,2,17,0,5,98,718,1748,0,64
"g593",252,1278,441,40,4075,734,577,953,3227,82,369,351,667,26,286,179,460,543,403,273
"g594",2516,11238,8342,11288,10423,4378,8998,7363,5776,6363,4594,7858,2592,4125,3751,5939,4428,2428,4729,4776
"g595",2174,709,46,329,4509,316,2326,363,316,2827,449,1103,892,507,1210,1192,734,649,371,734
"g596",501,253,128,200,1372,731,246,116,978,696,61,123,97,365,90,149,244,124,199,167
"g597",211,276,241,551,729,213,767,319,564,217,199,158,260,110,149,195,374,232,408,354
"g598",1679,947,710,631,1426,257,496,3162,1539,2821,244,104,1036,173,246,286,135,410,1289,480
"g599",225,2305,3979,4745,462,2972,1500,811,4837,1760,2082,3057,4357,1715,599,544,777,2382,3674,560
"g600",675,1163,740,719,1000,202,855,689,870,724,352,336,233,398,42,526,483,335,467,150
"g601",151,122,442,134,241,159,459,167,434,63,194,140,115,134,63,49,147,3,732,208
"g602",65,88,181,380,986,76,189,7,519,834,129,107,28,8,89,170,202,202,255,138
"g603",176,4,841,60,1393,712,657,189,404,1790,17,424,52,102,74,133,229,617,147,43
"g604",398,2472,766,1371,1212,358,530,778,939,2580,1121,247,824,512,128,220,687,533,223,10
"g605",1536,122,266,3671,837,2946,2212,1613,4353,1065,773,924,208,750,520,1373,102,809,1293,1
"g606",675,2127,2790,1994,660,302,995,376,733,2454,276,976,433,292,211,736,298,778,1145,950
"g607",828,356,1151,1051,1562,823,608,513,977,576,487,467,488,220,270,624,281,551,474,202
"g608",802,4115,1457,34,859,1502,4265,2820,4102,3690,20,287,803,523,594,131,581,129,197,197
"g609",521,1338,540,555,197,88,311,70,723,391,58,107,148,170,84,108,39,467,297,157
"g610",80,119,397,546,267,20,99,48,48,69,41,89,106,135,250,193,260,206,206,113
"g611",34,145,823,112,41,84,13,1736,398,647,16,49,658,355,7,475,114,38,235,75
"g612",4638,16414,5911,5308,9935,4094,7306,19013,12279,3349,5605,4620,1349,2779,3711,3972,455,5722,8040,2916
"g613",691,446,259,1253,220,329,975,389,263,279,125,173,212,199,239,129,182,165,305,117
"g614",3795,1657,1537,1397,1615,1494,2455,8,3245,1021,44,754,93,110,2636,8,1409,3566,2509,274
"g615",3156,1699,3226,2796,2667,711,3324,1070,2738,2706,726,1333,747,2113,1417,1009,1225,1186,1480,1283
"g616",7717,19195,1930,13307,9832,1838,7630,1247,5058,15499,3037,3011,4000,2958,1722,2935,1787,4308,2509,1502
"g617",1495,620,1571,1148,2350,571,634,1159,473,1921,206,393,407,189,408,1093,305,793,497,477
"g618",212,479,566,671,200,584,430,247,697,262,35,317,177,119,99,168,79,40,100,124
"g619",1292,2787,784,939,1050,2076,1839,1224,1332,988,632,1929,212,259,236,469,205,2035,1266,481
"g620",353,549,822,1110,304,1227,303,327,173,824,461,354,872,361,385,392,19,1425,673,104
"g621",141,442,344,1067,235,137,300,258,719,557,163,543,37,86,126,252,187,44,400,83
"g622",30,275,142,641,274,22,116,55,118,309,255,48,140,64,49,147,25,106,172,97
"g623",306,1104,290,756,376,117,1020,48,229,467,455,238,483,151,40,1245,228,464,1027,760
"g624",2759,1521,1871,1003,2412,276,830,2014,1042,230,156,676,1292,629,213,977,2441,432,513,1034
"g625",2811,3288,2858,2092,2523,1614,3542,1372,2214,2672,1258,3146,1432,2547,1945,3414,2095,1714,628,977
"g626",1877,2295,1443,1806,885,664,2173,1482,1480,1776,355,680,803,695,384,618,406,835,540,635
"g627",1731,774,142,1378,192,346,381,419,1097,166,138,234,166,377,126,155,379,45,429,105
"g628",862,605,242,150,263,96,519,4,44,115,10,165,90,63,12,86,6,37,65,17
"g629",168,3000,2466,2726,1305,2461,2441,648,1419,1762,295,264,1391,693,152,2942,4793,361,7296,594
"g630",867,1875,378,962,1302,196,487,931,654,572,116,343,55,376,114,282,832,311,978,51
"g631",270,1262,271,26,456,656,226,33,97,175,251,13,50,76,8,58,27,74,172,220
"g632",606,3767,13683,7789,23876,2001,3056,10815,4845,4348,1905,6389,2027,6092,6291,4116,1611,2936,6675,2568
"g633",3133,3131,2870,3999,2780,1835,446,4443,5017,6038,2321,4262,1251,1134,1573,3220,1136,285,1437,374
"g634",658,3820,1589,3395,2957,578,1235,1527,1941,1700,381,269,820,1094,347,472,238,655,857,748
"g635",234,261,422,567,551,543,428,319,829,686,121,57,69,179,134,254,171,137,157,122
"g636",1384,209,7317,16388,18016,1484,2448,1628,17682,11895,2549,208,2084,364,3243,25,9968,9493,579,406
"g637",831,988,539,334,805,210,610,94,894,401,165,100,371,213,142,177,274,427,315,196
"g638",150,461,402,1103,1043,94,231,385,257,111,41,348,21,151,66,9,51,295,88,72
"g639",3586,1398,1615,2096,2113,1148,2688,1057,5938,2841,881,813,559,768,730,998,466,1444,1017,318
"g640",228,561,148,433,275,373,303,286,334,740,43,112,179,308,220,166,171,212,249,265
"g641",630,15,181,1232,1243,75,644,1380,2255,339,724,507,641,48,81,371,584,530,94,16
"g642",1566,2548,597,964,479,176,784,449,3410,1959,500,233,589,524,264,425,389,283,1326,651
"g643",109,70,10,105,159,59,124,328,906,498,52,306,186,33,10,256,47,218,4,0
"g644",306,216,894,946,61,184,1139,359,255,128,27,326,110,73,21,67,918,71,0,471
"g645",143,819,111,192,223,712,459,119,1061,524,78,273,88,175,10,56,113,229,202,155
"g646",70,490,520,155,159,97,109,80,47,195,373,27,0,459,19,3,269,224,4,107
"g647",271,1103,23,88,102,113,226,129,205,444,73,712,20,12,156,155,246,59,221,112
"g648",134,1012,551,555,425,138,1099,359,1107,634,36,156,187,189,182,70,50,117,325,144
"g649",8253,7895,12931,4646,7978,6189,28563,13080,4092,15041,2108,6138,1596,3252,4843,6340,13219,3985,319,5862
"g650",449,788,448,813,1252,603,683,452,1059,1000,77,498,189,411,186,722,469,445,476,423
"g651",28,148,1139,209,1649,238,182,151,130,2086,129,197,21,127,41,28,233,284,42,181
"g652",1156,1260,1212,1265,1118,1110,370,66,1472,543,506,535,146,701,189,65,163,679,194,231
"g653",913,1434,918,1370,1706,1818,1997,1297,2359,1468,229,523,405,987,323,217,618,541,750,572
"g654",319,177,1003,600,971,311,759,387,795,424,282,110,31,184,109,326,339,138,206,144
"g655",2407,1715,2498,2002,2899,1847,1030,375,8367,1456,2068,2341,627,304,969,1266,1140,815,322,1418
"g656",2091,2577,3419,4864,11673,5070,2102,747,9246,22487,3783,9233,5417,1060,1543,4797,3913,2658,8299,1011
"g657",2164,2515,1253,1153,919,671,5340,1561,3477,1844,1366,891,1117,703,801,413,753,1200,1743,1824
"g658",21,161,269,811,1071,256,997,32,345,747,118,31,37,331,1,79,175,364,77,623
"g659",92,799,21,527,601,202,363,276,182,27,74,36,38,102,106,46,266,114,13,47
"g660",489,529,181,922,482,263,391,85,854,178,127,202,23,69,38,30,114,66,181,30
"g661",1054,164,1174,377,351,6,169,105,133,252,42,242,166,45,4,144,134,48,95,135
"g662",2785,4939,1367,2939,3125,1643,3324,2056,4553,4693,1643,1539,1363,1323,852,2121,2041,580,1049,1836
"g663",172,2061,469,126,4360,79,2757,44,99,1916,1206,1095,1571,2727,97,825,1182,472,197,468
"g664",206,1331,1408,575,1157,602,173,838,2237,1682,289,873,226,375,341,273,192,556,989,135
"g665",827,554,1111,322,528,904,2515,2169,195,3796,190,1150,208,881,15,1217,697,1174,2290,723
"g666",1754,286,7,407,708,324,121,935,3927,379,331,140,239,91,141,319,209,597,451,540
"g667",397,857,3189,13692,15817,424,17381,9247,11572,8921,1671,2416,4747,1532,7029,1240,1515,2419,1428,280
"g668",447,240,109,107,427,1198,372,412,323,102,126,85,41,427,25,164,87,30,102,389
"g669",441,739,997,3801,812,1242,2103,882,2284,1451,1152,553,1119,395,348,166,669,666,1029,686
"g670",95,212,332,183,155,522,485,150,859,234,85,531,565,29,60,16,150,335,185,457
"g671",126,277,167,300,148,130,522,653,600,185,201,296,67,268,57,235,169,86,146,59
"g672",1334,2655,1715,4327,1753,578,2651,2112,6256,4138,510,1607,652,1997,477,650,1180,1473,2366,804
"g673",439,562,491,367,935,783,511,345,1814,634,94,627,385,416,349,353,239,375,430,280
"g674",315,942,235,277,479,440,540,191,130,326,91,313,116,103,165,112,200,176,92,72
"g675",469,600,583,443,178,143,235,642,421,426,109,252,236,304,106,121,322,513,326,137
"g676",1582,1497,701,1857,1239,613,1572,1230,944,1396,315,362,554,186,773,393,1056,385,486,218
"g677",4399,2258,2353,1005,2735,1080,1932,1581,1333,2082,2255,953,1460,1189,198,1000,1841,772,1421,1588
"g678",564,464,205,1260,378,322,1300,454,933,714,227,178,33,167,396,527,128,218,217,122
"g679",1594,2,200,25,4136,297,1410,182,1166,111,1049,3311,173,10,27,2,693,1074,1966,647
"g680",6194,9067,4777,19780,9736,3861,5650,4758,4702,4494,3615,1882,2921,2803,2123,3189,2295,4240,5046,1953
"g681",1524,847,3210,5277,1645,903,4192,492,2452,1053,138,529,900,1943,464,731,745,462,1141,372
"g682",68,2593,2151,167,148,489,1415,25,398,513,272,162,30,865,74,532,7,87,10,420
"g683",22,44,2,222,233,1169,201,359,1173,929,0,4,171,1081,20,0,238,857,65,3
"g684",1177,193,948,905,629,170,557,557,896,133,394,679,230,356,46,407,450,330,552,558
"g685",201,743,38,5922,32,1588,188,847,196,92,7,9,3,644,9,4033,1726,405,9,3432
"g686",801,4439,3105,272,3391,286,2420,1099,2645,507,81,373,564,688,316,44,434,427,772,350
"g687",45,696,343,181,137,274,266,289,352,951,33,119,235,60,92,98,85,96,318,119
"g688",543,1959,120,233,488,0,0,1101,3713,886,2108,620,262,44,0,112,6,293,456,918
"g689",173,328,1288,807,969,812,425,590,761,734,771,129,227,305,91,684,200,102,388,548
"g690",83,66,183,172,75,67,414,218,763,327,51,32,120,378,273,21,72,70,9,54
"g691",225,610,108,138,254,132,310,137,461,80,155,111,139,46,133,19,331,94,170,199
"g692",594,850,508,612,532,785,276,272,372,497,307,126,301,211,110,238,138,149,490,198
"g693",213,470,529,1627,518,55,107,803,387,236,100,88,48,152,65,657,75,247,240,56
"g694",699,1515,949,1562,2728,1407,906,1522,2809,1632,379,546,292,191,181,725,422,593,831,331
"g695",437,1409,548,424,344,415,23,243,613,835,21,208,314,94,227,230,237,115,30,73
"g696",1305,3318,758,446,497,267,341,1104,94,465,189,563,344,463,433,12,36,189,1373,28
"g697",386,364,245,263,510,61,60,31,490,139,138,242,124,33,194,129,108,205,69,55
"g698",345,165,3,381,890,38,77,455,64,850,42,45,4,133,32,201,91,458,154,5
"g699",3247,9058,1344,2957,2230,1171,6384,113,93,1520,406,1871,1495,1784,821,1621,831,500,346,273
"g700",531,204,434,834,124,711,387,330,368,281,121,205,147,151,116,199,352,187,120,348
"g701",42,521,446,1492,869,535,696,881,608,1595,23,29,95,300,235,237,211,168,172,251
"g702",1188,333,1460,1070,1093,568,744,994,1020,458,637,653,235,593,414,173,532,554,2284,405
"g703",352,249,1022,1221,969,92,832,63,2809,556,233,294,404,119,266,250,171,226,208,454
"g704",1635,1385,944,10,1346,1122,260,490,0,355,58,279,10,120,139,24,330,102,20,61
"g705",396,428,55,483,125,347,332,609,1154,145,127,139,264,30,199,157,429,343,108,21
"g706",1140,5207,3534,2439,4626,1003,4634,1690,4078,1452,898,3666,195,402,1543,1155,2878,2018,724,22
"g707",1262,816,5623,1833,2986,2360,2328,4791,1288,1681,824,1451,646,1532,1302,1881,615,1539,756,2312
"g708",125,1761,249,1582,370,654,379,398,1591,1475,423,180,400,178,270,332,107,134,286,42
"g709",1284,255,891,306,756,23,95,10,641,1057,65,203,125,26,75,261,74,138,70,65
"g710",34,1236,373,849,7,28,606,23,162,110,5,265,194,205,270,90,80,302,107,24
"g711",3797,5072,5559,6043,4604,312,3701,2895,741,9033,41,2494,400,2746,782,1651,1460,4189,42,1532
"g712",150,272,948,129,606,399,328,1103,459,681,349,57,256,158,85,256,479,673,133,239
"g713",1579,1355,1911,1009,1746,1308,3855,457,7097,1246,581,1343,1307,559,317,613,1924,362,756,831
"g714",246,1529,336,786,558,355,890,547,507,739,98,179,335,299,32,234,343,395,294,262
"g715",3101,1624,2554,975,1346,665,2027,1706,1511,1929,508,1111,343,1382,545,1371,1040,607,329,872
"g716",131,937,66,337,237,227,511,231,307,684,49,57,301,181,84,206,237,253,186,173
"g717",777,1625,171,1124,983,603,488,380,1401,1231,272,211,199,251,346,250,131,93,179,381
"g718",285,1737,36,1229,445,321,371,637,448,1596,133,79,217,287,367,208,148,382,159,166
"g719",478,634,517,107,1060,805,1088,275,557,185,92,362,512,208,67,258,347,564,262,183
"g720",1417,1305,995,1384,421,640,849,372,774,969,252,289,1028,382,484,257,491,718,493,851
"g721",1608,5034,4557,3117,852,1491,8583,6441,4168,4024,1376,1285,984,886,1095,896,1539,634,3552,449
"g722",1283,3626,2878,3620,2368,2162,2337,1321,3521,1739,1004,1027,1164,1405,969,918,342,873,781,1018
"g723",405,331,524,339,175,214,239,462,629,878,64,246,62,310,126,42,326,160,241,282
"g724",332,303,445,700,1011,90,801,285,553,811,167,201,127,127,36,78,60,46,63,332
"g725",1936,752,888,1866,1584,1294,438,1503,1482,574,973,359,418,291,526,249,1102,1032,299,289
"g726",268,487,717,360,582,20,131,214,220,692,384,78,11,91,87,196,74,65,92,36
"g727",546,514,589,222,1096,194,927,389,475,1392,314,250,150,220,88,340,282,669,135,264
"g728",19,1546,1078,662,26,582,564,284,438,340,108,6,1336,213,1504,423,587,7,102,181
"g729",1359,938,502,585,3269,1448,1510,880,1421,2579,355,624,528,275,226,1058,638,548,682,537
"g730",913,2726,864,1120,12100,0,1207,1078,1399,698,1580,445,7,15,44,221,19,1269,1348,488
"g731",1901,2069,1947,2813,989,306,928,913,3377,1852,649,297,970,176,994,758,3248,754,194,342
"g732",632,280,600,826,535,347,825,697,414,531,118,417,82,435,120,110,331,101,564,142
"g733",118,22,42,0,2,2108,47,12,1852,78,92,0,0,563,16,286,34,1277,336,1791
"g734",1557,5150,1093,1731,6367,1715,4803,942,6384,1591,490,1731,2310,1710,1191,1134,2688,1352,96,1863
"g735",335,195,398,138,725,321,823,19,909,710,14,265,231,80,269,238,162,532,288,182
"g736",1121,2063,103,502,1450,162,983,440,1028,252,314,158,572,88,45,129,489,884,156,420
"g737",2541,999,1491,1588,1449,1741,2541,1593,1785,566,1611,653,77,472,388,413,2485,1183,1166,738
"g738",166,945,316,735,518,1180,402,227,306,420,126,381,343,301,234,223,113,209,93,108
"g739",755,2056,1754,1283,813,817,1766,665,1517,1553,781,704,754,104,394,1041,461,751,861,336
"g740",191,666,111,529,320,205,350,461,312,411,120,145,152,39,131,21,333,152,109,145
"g741",218,1039,1624,752,1772,1243,918,172,316,1345,459,24,663,364,595,1092,368,389,1621,604
"g742",3777,4791,3589,7234,4796,1915,6028,3335,6520,1265,947,2844,2013,2210,1564,2745,2554,2301,2805,1452
"g743",256,468,188,446,762,196,608,581,165,437,48,107,400,296,210,278,67,126,277,134
"g744",1211,142,586,332,835,401,584,699,2910,1469,259,274,511,647,241,319,959,328,676,203
"g745",12,1455,977,48,1146,396,295,792,816,2224,789,6,511,698,125,509,1038,2059,468,371
"g746",600,343,389,5321,890,397,474,328,1197,931,174,535,650,135,510,180,205,652,304,245
"g747",157,208,0,85,5867,9,2059,164,1279,284,292,526,14,438,197,1292,258,27,222,41
"g748",296,242,104,322,628,548,599,364,434,1125,282,328,25,104,101,139,29,344,63,55
"g749",316,666,159,678,445,239,474,293,300,355,32,66,180,176,79,136,63,67,303,21
"g750",557,766,356,353,1080,1251,619,538,172,495,250,95,15,212,157,47,178,186,442,324
"g751",302,429,218,522,324,439,913,312,231,1057,127,130,58,309,99,76,95,176,363,150
"g752",849,1229,293,1216,1671,255,938,452,1126,381,392,192,201,265,88,284,147,279,477,128
"g753",186,487,181,176,275,122,169,222,422,173,64,74,18,34,49,67,164,168,107,126
"g754",1733,2489,1564,547,817,1120,498,102,2485,812,87,401,348,369,104,217,81,53,414,109
"g755",677,216,333,20,12,28,963,1245,1551,209,34,876,641,35,321,75,27,113,102,92
"g756",143,496,776,160,574,218,161,534,328,1202,2,98,193,305,46,227,422,321,351,347
"g757",115,590,752,502,786,354,463,621,551,796,220,272,189,219,43,24,247,176,63,303
"g758",1749,1576,1928,1217,1982,2375,2784,1152,2573,2463,358,758,460,962,578,862,788,585,545,1918
"g759",2598,4230,3641,2871,2928,1516,2702,1415,3891,1985,907,1043,1879,1116,646,1302,1704,536,2015,863
"g760",2722,25999,17465,7409,24074,13894,11686,1752,8041,10138,2252,5449,7883,5627,2232,3734,6909,9333,4553,4363
"g761",364,172,141,236,255,165,361,38,866,129,191,245,144,221,248,137,28,298,198,55
"g762",670,230,737,2533,3015,1203,1506,1529,1244,1948,682,347,221,1225,560,215,580,2155,360,390
"g763",487,808,1038,1013,3583,431,532,665,340,180,510,708,557,802,464,36,412,93,199,416
"g764",527,919,320,938,1400,102,1832,438,579,809,182,273,544,554,170,409,291,670,388,174
"g765",4873,3515,1295,2691,3188,2163,6812,1813,6464,3628,1190,810,1296,872,362,2199,1876,1126,3749,2744
"g766",844,2182,1951,1764,1063,640,4552,1292,1207,4089,525,411,880,858,864,494,1268,385,1669,801
"g767",282,934,970,1625,325,250,1344,195,1938,468,227,237,874,80,705,136,350,682,585,336
"g768",95,631,378,1127,4,138,144,17,224,566,26,10,496,212,60,133,389,129,111,48
"g769",304,888,1061,869,979,189,4003,234,274,2479,144,386,267,120,152,745,162,881,1033,302
"g770",475,540,664,101,243,156,513,234,1021,186,342,466,121,309,120,110,420,387,275,183
"g771",6098,4762,2422,2094,2076,3041,5139,3070,1864,2589,976,2256,896,1930,2427,890,622,1130,2852,2094
"g772",3126,2051,3663,854,4131,4111,1055,418,1155,1083,257,3946,1848,754,389,405,376,1117,1946,603
"g773",362,366,330,68,1291,26,120,300,12,120,83,58,130,32,15,41,60,206,49,28
"g774",344,366,136,49,256,75,161,467,886,83,173,46,152,16,136,36,65,183,6,411
"g775",200,758,132,445,122,84,184,201,1285,603,16,83,428,61,21,124,242,65,121,430
"g776",260,980,580,626,888,372,341,181,595,719,84,157,40,145,64,144,250,100,195,175
"g777",885,1218,1952,1044,1407,1197,1351,267,1406,721,1033,1211,297,687,28,267,591,2201,714,363
"g778",1058,713,999,2632,3510,2970,1325,538,2984,1104,179,1815,345,373,1047,785,683,596,3717,1501
"g779",539,779,20,635,897,244,508,131,396,759,129,367,112,48,30,100,26,345,175,185
"g780",5004,6836,7228,8070,10082,6296,8622,6763,9179,3665,1567,2371,2835,3076,2463,1986,4718,3926,2074,2789
"g781",446,496,8,2826,366,1,1489,2430,1422,538,19,68,175,316,15,597,519,743,4,19
"g782",336,481,411,637,147,513,499,53,108,194,111,813,155,11,110,25,52,557,547,37
"g783",392,322,291,89,452,132,570,32,439,259,21,24,32,7,6,120,166,121,184,50
"g784",3513,8597,4595,6183,13273,4440,8446,14765,4513,1825,1507,10983,1067,3855,2814,2413,2158,4021,6023,2145
"g785",345,1079,858,2057,4987,550,1547,52,4093,1507,241,948,157,636,372,766,506,408,1682,300
"g786",1201,302,1038,213,600,1020,452,830,289,787,310,127,578,190,148,187,371,413,492,477
"g787",969,1518,2118,1503,1062,1070,1601,1260,4823,1217,354,178,985,287,341,195,651,831,703,610
"g788",1693,1624,451,728,3671,1549,974,835,1584,1287,1190,1185,1208,722,170,636,582,189,64,184
"g789",1042,738,108,78,10,135,313,286,404,304,319,60,45,264,83,174,361,15,259,45
"g790",194,1379,608,1524,1228,618,890,641,321,482,249,22,102,209,396,336,593,194,314,432
"g791",1802,1438,1576,2313,974,2099,628,1228,1801,2578,1121,1820,598,1605,938,1075,1617,698,1136,1062
"g792",1294,3312,1908,2191,1898,1794,2813,308,1622,3650,744,1333,983,1805,520,2432,1516,1608,279,1257
"g793",375,282,124,771,930,328,1450,222,1690,68,427,284,70,188,47,96,283,270,217,141
"g794",3329,1996,1201,1711,424,2526,734,935,2051,3449,1609,1017,712,35,568,1875,1203,2515,1288,2195
"g795",289,117,100,41,291,184,608,64,78,52,6,77,79,30,199,4,192,43,0,30
"g796",1246,583,273,2117,925,235,260,538,568,673,137,233,459,46,36,353,187,473,96,133
"g797",208,462,279,606,762,401,166,240,94,293,203,5,39,70,92,228,233,247,237,90
"g798",622,2837,858,60,165,2070,1400,576,816,599,180,803,200,213,384,1285,316,255,805,76
"g799",345,250,320,275,204,165,330,331,398,49,25,339,39,20,86,94,167,71,232,77
"g800",737,70,997,172,1129,8,580,138,1167,19,220,578,0,376,17,32,15,46,10,1901
"g801",12,869,398,412,447,165,570,468,214,92,89,22,161,217,265,82,15,61,602,133
"g802",233,444,295,247,254,237,1052,551,775,430,70,54,107,108,68,108,336,57,13,291
"g803",18,5126,1031,512,4478,5586,276,826,450,96,4920,592,2410,390,211,1404,147,453,716,950
"g804",3621,1797,3627,8035,632,1951,483,142,18,2270,358,3986,1442,1203,187,1252,93,404,280,171
"g805",37,137,403,888,1043,112,90,210,310,386,81,44,113,292,297,293,197,255,104,201
"g806",23,188,271,671,125,38,558,257,77,589,86,53,23,117,24,303,417,124,379,132
"g807",268,1839,295,2047,584,1571,558,3042,3528,1436,398,522,358,383,537,1355,351,556,199,903
"g808",7857,5906,4417,6278,13182,2769,4406,3321,5214,1679,3756,10530,1589,1194,4217,1321,5023,3556,648,1127
"g809",12348,8570,5371,491,1342,3341,2927,7099,3360,32384,1112,4040,2837,589,1246,2053,23,77,3210,5701
"g810",266,83,158,73,321,276,122,89,457,65,359,233,268,455,48,110,42,11,201,396
"g811",31,1936,57,1502,18,214,75,658,1812,270,312,186,0,220,197,265,92,2,13,7
"g812",1513,3504,2114,748,2314,2408,2129,932,1464,3396,1274,1425,416,1203,917,207,657,828,864,490
"g813",52,1907,318,3,439,380,142,135,184,36,207,12,46,228,1,426,187,7,7,264
"g814",351,926,304,775,581,297,581,253,320,510,84,333,566,219,110,114,154,107,538,327
"g815",63,70,274,322,465,670,200,135,293,456,84,152,135,163,99,78,108,92,118,150
"g816",2139,1169,2008,559,1767,2342,1711,924,1502,1394,155,1186,409,486,1049,908,504,430,1295,1703
"g817",9551,13950,10531,38009,17665,17830,14032,4754,9751,10389,11228,3635,5406,14617,3571,3615,16039,3707,3161,3440
"g818",871,1212,687,1417,2375,817,3025,1153,1046,815,250,1044,537,860,268,149,1256,837,462,449
"g819",28046,29268,21471,21001,54021,21352,41119,33339,44310,19286,5037,10254,8042,12405,5003,22268,8791,2083,14902,7805
"g820",475,264,816,367,712,469,1497,655,1713,589,115,417,200,103,251,252,108,483,214,396
"g821",1288,2218,1365,3332,3079,716,2148,1181,2293,900,299,555,483,449,508,131,393,2656,298,506
"g822",11159,2048,2907,21522,3498,4359,4867,5746,12074,2591,1910,8814,2735,2796,1545,746,5231,3262,3646,1958
"g823",525,66,10,709,34,100,494,22,7,0,1,25,2,38,144,1475,14,29,61,2
"g824",62,78,96,208,65,58,282,305,47,65,40,115,17,85,3,74,37,227,60,68
"g825",701,265,952,120,407,255,159,147,1082,37,6,251,337,18,253,12,8,7,521,113
"g826",152,448,420,22,106,40,701,153,470,731,44,1108,161,775,120,77,219,376,823,138
"g827",270,299,564,518,1307,9,377,644,275,262,12,32,737,378,103,26,297,58,52,164
"g828",379,100,463,206,865,492,272,42,778,178,113,24,491,25,137,292,187,196,9,97
"g829",1269,841,811,878,943,277,685,235,1167,772,239,576,215,501,201,118,275,119,461,245
"g830",2610,4058,9601,5615,3815,5405,4927,5077,8933,4748,2956,4375,1741,1788,3931,1050,2775,7358,0,2041
"g831",10955,9555,8337,1385,21851,28901,7323,20005,1786,4005,6792,2953,3015,4930,7510,384,4077,653,0,901
"g832",116,175,187,554,882,481,400,112,464,449,78,142,31,143,290,238,103,140,533,175
"g833",27,400,293,378,59,123,980,220,681,77,43,103,216,269,92,3,17,11,152,13
"g834",2204,2509,68,1629,471,850,341,215,1630,53,150,732,96,163,108,36,386,592,211,1758
"g835",902,1484,162,296,320,466,102,1221,4099,541,1192,403,548,136,265,59,177,362,174,599
"g836",260,427,284,414,112,89,491,339,250,262,63,73,90,180,162,41,103,322,489,30
"g837",141,569,794,242,747,257,266,999,320,904,331,88,107,199,119,26,305,183,224,73
"g838",580,651,613,933,1718,633,953,621,1259,986,326,236,260,416,263,211,415,388,476,285
"g839",5279,5911,3288,5036,5451,3038,2959,2264,5470,9132,990,2668,701,2985,1765,3237,1886,987,1014,3064
"g840",1451,1123,1245,6257,2620,1362,834,1814,3491,3097,371,2016,1906,51,234,145,120,1097,1008,675
"g841",302,742,481,768,871,181,164,466,362,702,57,103,174,381,271,420,207,238,215,154
"g842",2389,870,450,658,1319,324,1046,355,2406,2551,844,166,878,909,1703,816,399,2963,1989,1020
"g843",693,372,1,1711,713,429,335,409,782,234,22,37,27,207,125,216,75,27,128,4
"g844",340,326,924,484,914,652,514,470,966,686,132,384,465,489,250,327,304,294,356,475
"g845",199,1477,97,796,156,243,700,469,1001,931,103,323,69,48,140,11,178,437,166,94
"g846",6860,9592,4041,5437,8373,604,2054,6106,5472,8951,539,2278,1258,5577,2779,6811,186,3093,2373,9392
"g847",405,579,201,561,1648,56,158,801,546,277,105,113,255,46,51,27,321,195,123,224
"g848",183,403,65,682,1216,288,73,223,771,309,50,290,64,263,212,263,451,284,493,111
"g849",373,43,613,371,1692,332,439,4,369,171,14,255,81,32,31,184,96,124,629,301
"g850",83,253,209,455,612,363,1493,173,934,495,514,212,30,207,158,50,936,228,33,297
"g851",618,255,193,936,1275,920,588,320,204,318,121,283,71,207,143,435,214,148,197,250
"g852",814,5568,1792,386,269,1747,343,634,6294,2255,843,319,377,3712,561,872,391,691,172,901
"g853",2282,9286,12531,2551,8972,9006,8727,4496,5611,6455,1641,3684,839,1238,1102,3299,3728,1853,1100,400
"g854",499,178,828,420,3288,16,2193,1672,1835,527,68,326,410,1665,315,152,878,971,1155,52
"g855",140,5,526,1154,527,525,973,180,1609,353,112,410,385,27,17,27,416,27,128,10
"g856",1247,934,296,781,2924,437,200,885,359,2022,253,345,298,276,58,1806,1141,679,218,395
"g857",24,0,9,12054,11485,1809,13192,65268,829,2438,2716,21739,4982,42,0,0,428,0,5334,6820
"g858",2810,964,1275,1825,1486,853,2190,1878,1323,521,123,252,326,520,205,202,1318,297,44,401
"g859",702,779,502,768,909,251,939,695,743,757,84,290,289,220,107,202,630,302,382,174
"g860",84,2872,4396,899,330,87,6434,1500,2895,274,1225,1796,1148,297,510,2181,457,512,3671,2510
"g861",137,517,195,411,845,309,408,390,410,452,105,163,136,199,131,130,302,223,17,243
"g862",770,233,299,26,991,128,173,222,662,538,90,128,433,428,42,61,562,362,28,361
"g863",622,93,120,249,104,216,270,96,63,149,226,90,229,135,208,220,231,409,33,171
"g864",3292,3851,2289,12987,9725,3747,5491,8328,6535,9461,1531,4072,867,5525,328,3240,2849,4782,10129,2250
"g865",11527,12212,9064,34940,9115,2420,5314,11420,2788,17460,6364,16040,1240,9175,1903,12971,17070,2918,7382,339
"g866",226,1101,51,82,1246,149,455,71,101,339,112,29,68,30,52,0,36,7,132,38
"g867",539,773,422,462,243,104,758,304,214,415,82,119,200,199,163,281,510,227,100,102
"g868",166,1430,72,28,256,169,884,180,36,106,281,161,143,66,64,71,552,397,545,153
"g869",2238,3670,357,238,3028,927,514,228,1024,669,1369,1199,1016,140,1229,2144,185,36,24,443
"g870",282,609,280,564,1775,295,595,1729,2008,1577,363,3,509,62,350,93,65,1786,649,104
"g871",438,1131,1703,2207,387,1197,1311,1749,88,770,316,461,365,268,37,522,547,845,552,110
"g872",3852,11732,3156,8158,3345,3324,2846,9661,5602,26470,1348,1897,453,2391,1240,136,621,3475,1149,780
"g873",66,1154,262,531,144,342,307,7,94,2020,4,143,444,387,189,183,364,304,452,68
"g874",3379,1558,843,3341,2407,378,1381,599,1292,1189,289,459,104,555,328,1153,381,92,672,168
"g875",407,719,23,134,361,230,1000,1114,1516,262,318,713,633,112,168,497,67,219,367,698
"g876",190,0,831,426,107,86,647,195,100,0,271,75,1710,269,29,437,85,95,90,0
"g877",290,748,201,768,78,375,250,21,264,296,275,64,913,581,180,225,385,87,174,98
"g878",117,388,198,825,99,191,2036,669,77,493,254,425,76,20,45,294,266,205,566,120
"g879",149,300,195,195,480,195,400,129,308,492,186,254,95,126,85,99,194,449,286,79
"g880",884,716,594,1121,1171,307,153,576,212,394,81,153,473,141,238,282,119,265,863,62
"g881",787,685,1436,365,1960,903,1129,830,1333,416,290,909,228,520,63,293,354,432,537,534
"g882",1185,2624,834,4157,1172,1183,3903,418,1373,1598,156,2517,542,279,398,540,412,484,265,148
"g883",1155,1137,447,284,697,224,879,568,725,481,560,564,234,329,309,302,120,483,144,397
"g884",47,86,1781,314,20,333,53,567,2820,13,11,43,113,403,4,16,153,1100,31,266
"g885",254,621,196,163,269,97,574,182,196,685,261,217,85,289,296,280,122,104,402,31
"g886",75,229,159,1797,165,317,14,822,4609,1201,139,161,130,19,62,551,11,79,212,165
"g887",117,391,429,1900,284,338,108,202,106,1115,99,123,159,167,128,126,698,78,305,121
"g888",280,785,432,378,338,221,595,264,484,857,171,460,289,186,243,136,104,243,131,106
"g889",537,675,73,666,173,302,627,210,170,796,158,159,120,122,150,142,194,158,92,188
"g890",6707,6967,5426,4396,8081,2274,7016,4107,11171,6425,1566,2222,2501,4874,1334,5430,3759,6130,3711,4869
"g891",389,1500,1498,274,496,15,1215,1001,1112,1300,22,369,514,643,46,523,656,158,86,515
"g892",299,753,699,691,2100,1017,519,225,2157,646,128,130,358,309,96,509,447,522,806,216
"g893",2172,6516,4536,8223,3806,4241,4926,2118,4226,1172,2405,1731,440,629,1203,1638,1869,720,2292,1969
"g894",507,230,315,1,80,1141,3590,233,509,3,245,20,486,815,8,46,40,5,1,0
"g895",318,35,265,121,361,160,440,194,907,283,118,158,78,126,70,62,211,187,140,197
"g896",4075,593,699,4591,2304,1019,2114,10454,9174,2991,335,374,560,757,1028,1014,1330,61,2494,451
"g897",4894,11048,5667,8852,13609,3371,10096,4402,9141,6084,3264,1275,2395,3427,3508,2064,3261,2016,1910,2489
"g898",734,1711,987,1959,1801,791,548,550,1304,545,356,305,233,425,298,518,658,146,275,288
"g899",9155,9742,3648,6276,9086,4191,11682,5382,8867,8083,2777,1946,1637,4109,2708,1472,1031,1373,3671,3884
"g900",16233,17681,14760,3758,18204,11240,9936,9469,13228,16029,5013,9497,5064,6179,4244,5107,8307,4003,4759,8682
"g901",1689,12885,13374,8407,18178,671,3063,5397,3768,8698,1633,4584,3390,6238,736,4462,2651,8848,4176,946
"g902",546,705,355,441,385,154,1291,428,647,330,168,157,189,374,114,470,139,349,120,112
"g903",1501,1281,1334,1130,1409,810,855,775,1250,489,366,1004,227,550,536,432,656,764,374,401
"g904",1425,3472,4335,2280,4159,1867,1585,4051,2447,4738,906,1205,2037,1243,1006,1016,1999,1553,938,1255
"g905",774,1061,448,925,1102,634,1487,627,1109,680,219,443,431,564,361,407,243,291,427,184
"g906",25334,41358,48879,91730,17533,18068,28701,13528,2772,20816,6016,16238,8348,16937,8926,18398,1933,31790,3897,1706
"g907",316,135,421,491,311,181,480,372,45,464,20,70,72,21,57,53,209,133,99,74
"g908",517,4598,502,2031,1671,1436,1190,838,1424,1261,117,204,822,283,593,103,289,288,650,1026
"g909",1425,193,2496,4868,1,848,10277,20,11073,21499,6533,83,18,452,1190,3,1465,2297,925,128
"g910",699,378,227,183,1086,294,382,308,798,738,45,542,283,219,86,344,286,642,335,228
"g911",1869,1022,1053,234,720,61,1661,1149,557,1517,103,386,93,147,838,376,323,624,626,641
"g912",389,642,254,3,157,112,158,161,438,61,51,17,22,43,199,53,10,376,159,216
"g913",143,670,1666,132,1112,112,120,150,576,325,585,252,32,77,260,214,219,108,60,130
"g914",11,0,496,2046,2146,0,667,3060,388,371,28,94,36,2501,1242,264,63,22,116,549
"g915",364,3316,450,442,792,52,1005,471,488,522,114,198,133,530,200,203,338,355,133,166
"g916",1079,174,989,87,2263,597,89,482,332,376,311,445,111,354,195,204,323,105,836,333
"g917",602,845,156,130,644,75,675,92,1231,142,126,225,199,82,199,17,277,117,117,288
"g918",1067,1872,345,195,36,91,283,407,1342,433,546,133,1333,437,233,453,380,405,29,61
"g919",3505,498,461,1537,1419,588,281,51,705,1135,67,98,327,532,321,315,1277,311,348,59
"g920",481,506,118,511,836,602,217,406,357,474,98,143,27,103,112,54,284,171,42,56
"g921",451,1047,157,278,930,469,321,301,429,444,130,353,165,142,157,191,197,185,148,64
"g922",189,14115,6455,5258,8124,5535,584,4151,20472,5324,216,620,247,1037,564,1944,2056,1755,177,3010
"g923",112,4075,883,315,2802,2912,5022,1,198,545,74,1286,366,1185,2483,206,17,749,358,89
"g924",1793,4082,3097,2727,2349,1137,1458,2906,3293,1875,1441,544,644,786,904,898,1383,733,1147,1914
"g925",605,926,1508,4150,1965,820,2213,417,3621,2576,304,1762,193,142,250,46,1165,1021,359,1113
"g926",93,274,301,167,281,311,560,329,323,67,62,118,56,111,63,185,107,112,77,42
"g927",329,408,293,300,441,179,344,204,596,862,115,395,58,268,158,184,193,376,428,188
"g928",7691,2753,3169,5758,3895,5566,3771,2048,7493,3685,1026,1675,2243,1223,1928,4218,2664,1604,1764,2744
"g929",1698,3798,1734,1404,2661,1465,506,1061,2543,1124,1262,400,939,1375,747,807,578,2796,912,408
"g930",504,969,646,1143,924,625,374,156,645,874,268,529,376,322,178,226,485,298,534,178
"g931",1961,1653,1356,919,3834,2558,929,2631,1146,3042,452,819,548,1763,311,147,625,309,593,600
"g932",531,848,59,19,26,59,409,472,422,33,250,113,97,182,6,68,313,145,87,183
"g933",3399,2467,263,801,1861,1762,1288,1548,2097,178,2186,430,1192,606,378,521,485,940,1107,409
"g934",2673,6086,6087,8921,16441,8816,5930,9698,7885,3110,568,1537,7643,6338,1649,1479,10862,9018,7653,2971
"g935",897,791,1123,330,400,1322,110,554,442,1356,388,798,38,1008,105,59,456,451,201,105
"g936",7,2251,1513,838,737,100,351,496,167,94,285,27,347,345,34,336,191,39,487,162
"g937",102,191,381,80,833,844,704,672,1251,251,22,24,1,36,3,16,25,211,154,120
"g938",2828,3408,1293,4424,3543,1629,2124,3234,424,2294,464,613,1557,962,3246,332,718,1231,714,613
"g939",573,308,238,532,908,451,533,684,2450,1091,169,750,117,253,378,151,105,160,368,275
"g940",438,783,464,269,376,275,235,308,839,98,66,42,99,318,356,42,108,71,373,121
"g941",101,887,336,507,232,442,380,181,550,391,106,214,32,196,166,59,180,146,98,239
"g942",167,660,217,85,72,118,435,112,327,308,87,177,361,140,73,46,78,48,329,95
"g943",240,194,5,201,170,24,2274,0,2,4230,179,174,10,249,178,0,3,369,1241,105
"g944",1708,1549,646,739,4388,649,2689,1392,3019,5722,764,936,1828,673,836,1705,597,1114,592,445
"g945",466,1079,416,330,635,182,341,390,730,646,195,327,292,147,219,99,171,281,444,54
"g946",797,1040,1404,2113,1212,634,1661,587,2638,1760,601,1234,418,609,347,405,517,851,670,430
"g947",1877,3212,3142,8625,7315,1264,2411,4210,3272,5577,3646,391,850,1123,1476,391,1890,1356,1886,4494
"g948",408,847,650,603,1908,446,572,489,797,1319,303,300,538,428,244,459,252,485,180,261
"g949",237,22702,3094,3096,8168,1869,7720,7282,7621,19322,2631,2193,5556,878,2337,1757,1189,2094,413,1074
"g950",53211,23421,42926,46273,102238,13468,35455,55753,70131,11747,33022,20476,13233,30628,11271,8135,30013,11872,28480,22435
"g951",900,10986,3357,1539,13778,205,1919,1626,3214,4811,2077,113,286,3585,23,226,392,226,1873,7048
"g952",661,2487,1843,2089,879,508,3053,4151,1799,3076,900,497,471,671,365,95,92,1315,1248,1207
"g953",511,611,486,120,489,368,711,465,488,542,243,100,37,82,91,29,133,157,209,245
"g954",283,590,778,639,386,237,98,271,840,93,2,68,147,35,3,8,410,395,182,202
"g955",649,1329,724,1056,496,1085,1886,685,2021,1119,329,258,235,701,295,327,551,257,891,504
"g956",7796,6897,2474,7135,1001,3416,7654,5233,1318,8128,510,2715,1431,1666,1712,661,1542,4508,595,1359
"g957",129,142,94,821,486,102,207,148,182,268,126,127,28,44,213,176,57,143,36,73
"g958",547,923,292,153,508,137,117,313,170,821,214,77,93,100,62,89,774,132,251,154
"g959",204,796,459,749,787,319,258,116,126,326,153,427,604,155,278,124,291,55,240,183
"g960",21010,31116,5504,6029,30974,12605,3864,6003,4000,6995,2806,13210,4892,10037,8482,8196,2400,858,15646,861
"g961",42,191,338,88,571,295,259,332,135,305,46,180,73,174,22,150,115,102,259,66
"g962",351,471,347,159,428,225,878,320,542,255,305,117,147,136,121,140,252,224,142,382
"g963",376,1193,164,918,717,1054,114,114,463,1185,52,60,313,441,57,724,14,336,245,1202
"g964",483,949,253,167,545,226,510,421,652,412,166,72,113,88,141,192,123,236,614,268
"g965",381,1086,257,605,831,360,1345,693,1097,333,283,7,140,340,160,525,59,228,151,257
"g966",1729,2497,1466,1341,2892,2569,2189,1946,518,3129,417,542,206,536,1384,797,1343,739,1825,697
"g967",341,672,397,308,1032,334,475,492,513,438,145,196,107,195,228,631,349,700,320,200
"g968",96,89,377,89,183,455,457,953,0,733,7,79,111,250,145,218,47,55,8,462
"g969",6381,12432,8507,21065,31320,4096,8737,3855,8362,21835,3551,4165,4651,3375,7083,6678,4525,5314,5462,13118
"g970",104,404,363,74,167,18,147,204,241,91,81,121,133,307,126,56,35,56,99,137
"g971",680,1179,474,261,924,490,2287,709,2124,2176,694,365,343,578,478,611,120,106,814,622
"g972",575,302,133,874,2070,347,100,281,1925,542,25,72,69,383,144,80,517,302,742,177
"g973",19,344,478,913,717,8,1276,15,129,703,201,16,1007,116,3,447,7,463,123,44
"g974",18,604,51,85,117,129,1057,122,77,60,29,332,382,133,101,225,277,192,90,40
"g975",263,756,0,639,245,239,1202,36,391,864,350,400,151,185,12,299,34,199,20,170
"g976",2700,3442,709,120,986,420,64,992,172,5,3,25,71,25,62,49,380,0,211,28
"g977",826,125,307,1424,358,622,238,93,720,174,152,10,195,15,297,5,129,158,244,119
"g978",178,885,750,290,170,174,201,69,285,339,89,33,354,53,237,408,137,290,266,153
"g979",710,1103,759,1393,811,432,400,1391,1594,1471,182,699,243,396,371,463,543,1058,439,411
"g980",836,81,680,701,364,216,151,292,288,291,195,169,127,267,66,222,196,260,117,69
"g981",436,1524,1913,1196,733,200,648,1612,1076,1528,385,291,385,280,558,427,1035,154,387,437
"g982",5870,8633,8435,14473,6093,5672,15862,6308,9215,4852,1818,1761,1074,3284,660,12434,13315,4769,2790,5672
"g983",14862,17535,3053,3116,131315,30775,1574,55918,37223,11148,1405,39236,45081,7766,39434,12877,310,4993,2272,101
"g984",564,252,296,462,536,83,574,258,409,261,55,94,135,245,137,260,176,180,200,160
"g985",463,260,795,651,779,369,814,509,645,929,118,283,153,128,291,234,219,156,300,220
"g986",1501,5589,2997,2520,3239,3839,2195,2165,3648,1817,1581,2230,1483,792,1048,2015,1736,893,1891,1704
"g987",6846,18896,7010,12665,5478,1541,7619,3003,7242,1801,4802,2489,4070,5374,1663,2380,1532,2744,3096,644
"g988",20,151,446,949,360,380,47,1070,82,94,286,507,47,138,36,102,163,149,614,174
"g989",759,764,616,2187,2624,1247,312,434,327,413,0,58,1096,291,508,385,994,802,42,613
"g990",486,781,706,1090,1506,565,2004,742,1150,1279,384,223,897,238,309,672,459,365,1134,424
"g991",7266,8140,2976,5917,7731,4871,8133,1847,3476,8939,3204,4734,2064,2879,1886,1322,1503,3676,3809,3038
"g992",2933,2799,746,893,1621,1675,2133,1234,1097,2543,772,2267,570,752,239,725,785,567,754,1358
"g993",261,1863,1599,1669,907,789,934,543,728,1264,370,503,431,264,518,778,254,551,937,385
"g994",3316,419,2301,1313,1271,481,2886,1685,1662,2612,139,167,383,586,107,316,1270,2018,236,278
"g995",124,491,255,335,643,297,161,172,313,507,87,257,146,173,122,232,399,210,113,93
"g996",1077,889,1206,1507,2377,769,1640,654,1596,1430,353,959,360,381,467,660,380,1180,857,419
"g997",3094,1634,2429,5253,12673,852,5926,4186,3370,17000,1047,1578,1177,1358,609,2063,2787,1001,870,505
"g998",759,345,303,1603,2640,1419,1085,534,1828,826,324,429,684,604,652,342,442,528,1070,722
"g999",372,487,1215,508,603,583,481,196,815,613,246,638,57,643,103,497,746,182,1203,197
"g1000",190,206,268,176,495,77,576,295,146,190,50,265,130,63,34,492,89,141,97,163
