,sample_size,n_genes,cn_signal,replicate,tag,method,TP,FP,FN,TN,Precision,Recall,F1,Accuracy,AUC,MCC,n_pos,n_neg,FP_DSG,FP_NEUTRAL
0,10,5000,strong,1,S10_G5000_CNstrong_R1,PyDESeq2,819,275,680,2717,0.7486288848263254,0.5463642428285523,0.6317007327419977,0.7873524827432643,0.727226239061335,0.4992449178087564,1499,2992,195,80
1,10,5000,strong,1,S10_G5000_CNstrong_R1,DeConveil,871,160,628,2832,0.8448108632395732,0.5810540360240161,0.6885375494071146,0.8245379648185259,0.7637890500975696,0.5915629808182175,1499,2992,22,138
2,10,5000,strong,10,S10_G5000_CNstrong_R10,PyDESeq2,811,264,693,2728,0.7544186046511628,0.5392287234042553,0.6289259402869329,0.787144128113879,0.7254967146433041,0.4988777766715185,1504,2992,171,93
3,10,5000,strong,10,S10_G5000_CNstrong_R10,DeConveil,853,148,651,2844,0.8521478521478522,0.567154255319149,0.6810379241516966,0.8222864768683275,0.7588445073387189,0.5871283258790203,1504,2992,22,126
4,10,5000,strong,11,S10_G5000_CNstrong_R11,PyDESeq2,896,255,604,2736,0.7784535186794093,0.5973333333333334,0.6759713315729913,0.8087285682476063,0.7560387830157138,0.5531955663650908,1500,2991,172,83
5,10,5000,strong,11,S10_G5000_CNstrong_R11,DeConveil,915,151,585,2840,0.8583489681050657,0.61,0.7131722525331254,0.8361166778000445,0.7797576061517886,0.6202358206661024,1500,2991,21,130
6,10,5000,strong,12,S10_G5000_CNstrong_R12,PyDESeq2,820,286,682,2700,0.7414104882459313,0.5459387483355526,0.6288343558282209,0.7843137254901961,0.7250792201155326,0.49292506259491187,1502,2986,202,84
7,10,5000,strong,12,S10_G5000_CNstrong_R12,DeConveil,850,156,652,2830,0.8449304174950298,0.5659121171770972,0.6778309409888357,0.8199643493761141,0.7568341563782339,0.5812316700184081,1502,2986,20,136
8,10,5000,strong,13,S10_G5000_CNstrong_R13,PyDESeq2,834,259,666,2724,0.7630375114364135,0.556,0.6432703432317779,0.7936649565023421,0.7345873281930942,0.5155809598933604,1500,2983,181,78
9,10,5000,strong,13,S10_G5000_CNstrong_R13,DeConveil,872,153,628,2830,0.8507317073170731,0.5813333333333334,0.6906930693069306,0.82578630381441,0.7650213431668342,0.5955368993084011,1500,2983,27,126
10,10,5000,strong,14,S10_G5000_CNstrong_R14,PyDESeq2,851,248,647,2742,0.7743403093721565,0.568090787716956,0.6553715825953023,0.8005793226381461,0.7425738219521234,0.5320234765693388,1498,2990,164,84
11,10,5000,strong,14,S10_G5000_CNstrong_R14,DeConveil,896,174,602,2816,0.8373831775700935,0.5981308411214953,0.6978193146417445,0.8270944741532977,0.7699684305941925,0.5975256601027599,1498,2990,33,141
12,10,5000,strong,15,S10_G5000_CNstrong_R15,PyDESeq2,806,272,695,2715,0.7476808905380334,0.5369753497668222,0.6250484683986041,0.7845365418894831,0.7229570421415296,0.4924618331062717,1501,2987,197,75
13,10,5000,strong,15,S10_G5000_CNstrong_R15,DeConveil,870,154,631,2833,0.849609375,0.5796135909393737,0.689108910891089,0.8250891265597148,0.7640284225202392,0.5936763029255664,1501,2987,34,120
14,10,5000,strong,16,S10_G5000_CNstrong_R16,PyDESeq2,809,264,694,2721,0.7539608574091333,0.5382568196939455,0.6281055900621118,0.7865418894830659,0.7249073043193345,0.49772562309245516,1503,2985,196,68
15,10,5000,strong,16,S10_G5000_CNstrong_R16,DeConveil,866,159,637,2826,0.8448780487804878,0.5761809713905522,0.685126582278481,0.8226381461675579,0.7614573198661304,0.5878875733300716,1503,2985,22,137
16,10,5000,strong,17,S10_G5000_CNstrong_R17,PyDESeq2,850,270,655,2717,0.7589285714285714,0.5647840531561462,0.6476190476190476,0.7940783615316117,0.7371961779004701,0.5175719711437065,1505,2987,193,77
17,10,5000,strong,17,S10_G5000_CNstrong_R17,DeConveil,902,154,603,2833,0.8541666666666666,0.5993355481727575,0.7044123389301055,0.8314781834372217,0.773889401136931,0.6097229562933156,1505,2987,25,129
18,10,5000,strong,18,S10_G5000_CNstrong_R18,PyDESeq2,845,291,663,2692,0.7438380281690141,0.5603448275862069,0.6391830559757943,0.7875751503006012,0.731396014195383,0.5027797053471061,1508,2983,199,92
19,10,5000,strong,18,S10_G5000_CNstrong_R18,DeConveil,880,171,628,2812,0.8372978116079924,0.583554376657825,0.687768659632669,0.82208862168782,0.7631147679467469,0.5869781544198134,1508,2983,23,148
20,10,5000,strong,19,S10_G5000_CNstrong_R19,PyDESeq2,853,285,644,2710,0.7495606326889279,0.569806279225117,0.647438330170778,0.7931878895814782,0.737323840781173,0.5144320490555037,1497,2995,204,81
21,10,5000,strong,19,S10_G5000_CNstrong_R19,DeConveil,874,156,623,2839,0.8485436893203884,0.5838343353373413,0.6917293233082706,0.8265805877114871,0.7658737619925438,0.5962558400112224,1497,2995,26,130
22,10,5000,strong,2,S10_G5000_CNstrong_R2,PyDESeq2,802,266,699,2724,0.7509363295880149,0.5343104596935376,0.6243674581549241,0.7851258071698953,0.7226736244955981,0.49344146143526857,1501,2990,178,88
23,10,5000,strong,2,S10_G5000_CNstrong_R2,DeConveil,851,159,650,2831,0.8425742574257425,0.5669553630912725,0.6778176025487853,0.8198619461144512,0.7568890527830945,0.5804821034957311,1501,2990,21,138
24,10,5000,strong,20,S10_G5000_CNstrong_R20,PyDESeq2,840,286,662,2700,0.7460035523978685,0.559254327563249,0.639269406392694,0.7887700534759359,0.7317370097293807,0.5044721698087463,1502,2986,184,102
25,10,5000,strong,20,S10_G5000_CNstrong_R20,DeConveil,869,178,633,2808,0.8299904489016237,0.5785619174434088,0.6818360141231855,0.8192959001782532,0.7594751985073709,0.5790152995535462,1502,2986,24,154
26,10,5000,strong,3,S10_G5000_CNstrong_R3,PyDESeq2,841,265,660,2726,0.7603978300180831,0.5602931379080613,0.6451860375911009,0.7940783615316117,0.7358470035912758,0.51646140322761,1501,2991,177,88
27,10,5000,strong,3,S10_G5000_CNstrong_R3,DeConveil,888,161,613,2830,0.8465204957102002,0.5916055962691539,0.6964705882352941,0.827693677649154,0.7688887225745636,0.5995768839983064,1501,2991,23,138
28,10,5000,strong,4,S10_G5000_CNstrong_R4,PyDESeq2,845,260,655,2734,0.7647058823529411,0.5633333333333334,0.6487523992322457,0.7963951935914553,0.738246492985972,0.5218084603500015,1500,2994,185,75
29,10,5000,strong,4,S10_G5000_CNstrong_R4,DeConveil,882,164,618,2830,0.8432122370936902,0.588,0.6928515318146111,0.8259902091677792,0.7666118904475618,0.5950200041907557,1500,2994,23,141
30,10,5000,strong,5,S10_G5000_CNstrong_R5,PyDESeq2,845,279,659,2708,0.751779359430605,0.5618351063829787,0.6430745814307458,0.7911378312179915,0.734215176224633,0.5103661281345466,1504,2987,192,87
31,10,5000,strong,5,S10_G5000_CNstrong_R5,DeConveil,871,156,633,2831,0.8481012658227848,0.5791223404255319,0.6882655077044646,0.824315297261189,0.7634480131990398,0.5920962210723392,1504,2987,28,128
32,10,5000,strong,6,S10_G5000_CNstrong_R6,PyDESeq2,825,266,676,2721,0.7561869844179652,0.5496335776149234,0.6365740740740741,0.7901069518716578,0.7302905082584159,0.5065867689025144,1501,2987,178,88
33,10,5000,strong,6,S10_G5000_CNstrong_R6,DeConveil,874,153,627,2834,0.8510223953261928,0.5822784810126582,0.6914556962025317,0.8262032085561497,0.7655282595890208,0.5964343953559057,1501,2987,27,126
34,10,5000,strong,7,S10_G5000_CNstrong_R7,PyDESeq2,854,291,650,2692,0.7458515283842795,0.5678191489361702,0.6447716119290299,0.7902830398930243,0.7351331748703647,0.5092001023607191,1504,2983,203,88
35,10,5000,strong,7,S10_G5000_CNstrong_R7,DeConveil,889,164,615,2819,0.8442545109211775,0.5910904255319149,0.6953461087211577,0.826387341207934,0.7680561078380326,0.5971616602828733,1504,2983,28,136
36,10,5000,strong,8,S10_G5000_CNstrong_R8,PyDESeq2,840,264,663,2724,0.7608695652173914,0.5588822355289421,0.6444188722669736,0.7935871743486974,0.7352644109371619,0.5156605206726431,1503,2988,181,83
37,10,5000,strong,8,S10_G5000_CNstrong_R8,DeConveil,864,168,639,2820,0.8372093023255814,0.5748502994011976,0.6816568047337278,0.8203072812291249,0.759312699901402,0.5817125585379984,1503,2988,28,140
38,10,5000,strong,9,S10_G5000_CNstrong_R9,PyDESeq2,858,286,642,2702,0.75,0.572,0.649016641452345,0.7932263814616756,0.7381419009370818,0.5155319563861966,1500,2988,202,84
39,10,5000,strong,9,S10_G5000_CNstrong_R9,DeConveil,929,174,571,2814,0.8422484134179511,0.6193333333333333,0.7137917787168652,0.8340017825311943,0.7805502008032128,0.6147653946272122,1500,2988,26,148
40,10,5000,weak,1,S10_G5000_CNweak_R1,PyDESeq2,809,203,690,2789,0.799407114624506,0.5396931287525016,0.6443647949024293,0.8011578712981519,0.7359227675848069,0.5325544160500171,1499,2992,112,91
41,10,5000,weak,1,S10_G5000_CNweak_R1,DeConveil,883,166,616,2826,0.8417540514775977,0.5890593729152769,0.6930926216640503,0.8258739701625473,0.7667890447464086,0.5946842295918998,1499,2992,22,144
42,10,5000,weak,10,S10_G5000_CNweak_R10,PyDESeq2,775,175,729,2817,0.8157894736842105,0.5152925531914894,0.6316218418907905,0.798932384341637,0.7284016241893276,0.5279620761567043,1504,2992,95,80
43,10,5000,weak,10,S10_G5000_CNweak_R10,DeConveil,817,135,687,2857,0.8581932773109243,0.543218085106383,0.6653094462540716,0.8171708185053381,0.749048882125384,0.5752464858905281,1504,2992,19,116
44,10,5000,weak,11,S10_G5000_CNweak_R11,PyDESeq2,858,192,642,2799,0.8171428571428572,0.572,0.6729411764705883,0.8142952571810287,0.7539037111334002,0.5658689894826323,1500,2991,107,85
45,10,5000,weak,11,S10_G5000_CNweak_R11,DeConveil,894,160,606,2831,0.8481973434535104,0.596,0.7000783085356304,0.8294366510799377,0.7712530926111668,0.6037379260860549,1500,2991,22,138
46,10,5000,weak,12,S10_G5000_CNweak_R12,PyDESeq2,800,192,702,2794,0.8064516129032258,0.5326231691078562,0.6415396952686447,0.8008021390374331,0.7341615510643099,0.5325788331252088,1502,2986,100,92
47,10,5000,weak,12,S10_G5000_CNweak_R12,DeConveil,859,169,643,2817,0.835603112840467,0.5719041278295606,0.6790513833992095,0.8190730837789661,0.7576533365202726,0.5786434317528385,1502,2986,21,148
48,10,5000,weak,13,S10_G5000_CNweak_R13,PyDESeq2,781,208,719,2775,0.7896865520728008,0.5206666666666667,0.6275612695861792,0.7932188266785635,0.7254691026930383,0.5131327008685418,1500,2983,113,95
49,10,5000,weak,13,S10_G5000_CNweak_R13,DeConveil,850,169,650,2814,0.8341511285574092,0.5666666666666667,0.6748709805478365,0.8173098371626143,0.7550061459380936,0.5742180840298824,1500,2983,24,145
50,10,5000,weak,14,S10_G5000_CNweak_R14,PyDESeq2,831,185,667,2805,0.8179133858267716,0.554739652870494,0.6610978520286396,0.8101604278074866,0.7464333715857487,0.5553724128996714,1498,2990,106,79
51,10,5000,weak,14,S10_G5000_CNweak_R14,DeConveil,889,162,609,2828,0.845861084681256,0.5934579439252337,0.6975284425264809,0.8282085561497327,0.7696386709592724,0.6004993619303939,1498,2990,28,134
52,10,5000,weak,15,S10_G5000_CNweak_R15,PyDESeq2,787,200,714,2787,0.7973657548125633,0.5243171219187208,0.632636655948553,0.7963458110516934,0.7286801545315064,0.5209689001912761,1501,2987,129,71
53,10,5000,weak,15,S10_G5000_CNweak_R15,DeConveil,835,149,666,2838,0.8485772357723578,0.5562958027981346,0.6720321931589537,0.8184046345811051,0.753206488610316,0.5774749976205518,1501,2987,18,131
54,10,5000,weak,16,S10_G5000_CNweak_R16,PyDESeq2,796,197,707,2788,0.8016112789526687,0.5296074517631404,0.6378205128205128,0.7985739750445633,0.7318054009234463,0.5271169600816206,1503,2985,124,73
55,10,5000,weak,16,S10_G5000_CNweak_R16,DeConveil,865,168,638,2817,0.8373668925459826,0.5755156353958749,0.6821766561514195,0.8204099821746881,0.7596171141803494,0.582157886472634,1503,2985,29,139
56,10,5000,weak,17,S10_G5000_CNweak_R17,PyDESeq2,836,177,669,2810,0.8252714708785784,0.5554817275747508,0.6640190627482129,0.8116651825467498,0.7481124740987245,0.56044438097748,1505,2987,105,72
57,10,5000,weak,17,S10_G5000_CNweak_R17,DeConveil,897,145,608,2842,0.8608445297504799,0.5960132890365448,0.7043580683156655,0.8323686553873553,0.7737347998580782,0.61221288053903,1505,2987,21,124
58,10,5000,weak,18,S10_G5000_CNweak_R18,PyDESeq2,811,202,697,2781,0.8005923000987167,0.5377984084880637,0.6433954779849266,0.7998218659541305,0.7350406725645147,0.5311666540469976,1508,2983,110,92
59,10,5000,weak,18,S10_G5000_CNweak_R18,DeConveil,853,179,655,2804,0.8265503875968992,0.5656498673740054,0.6716535433070866,0.8142952571810287,0.7528215813571334,0.567618193147219,1508,2983,25,154
60,10,5000,weak,19,S10_G5000_CNweak_R19,PyDESeq2,831,200,666,2795,0.8060135790494666,0.5551102204408818,0.6574367088607594,0.807212822796082,0.7441661285843808,0.5473871450545097,1497,2995,125,75
61,10,5000,weak,19,S10_G5000_CNweak_R19,DeConveil,873,137,624,2858,0.8643564356435643,0.5831663326653307,0.6964499401675309,0.8305877114870882,0.7687117139119642,0.6068073574457452,1497,2995,27,110
62,10,5000,weak,2,S10_G5000_CNweak_R2,PyDESeq2,811,201,690,2789,0.8013833992094862,0.5403064623584277,0.6454436927974533,0.8016032064128257,0.7365411910454346,0.5341278763759608,1501,2990,114,87
63,10,5000,weak,2,S10_G5000_CNweak_R2,DeConveil,847,182,654,2808,0.8231292517006803,0.564290473017988,0.6695652173913044,0.813849922066355,0.7517104539002983,0.565048816465688,1501,2990,32,150
64,10,5000,weak,20,S10_G5000_CNweak_R20,PyDESeq2,814,172,688,2814,0.8255578093306288,0.5419440745672437,0.6543408360128617,0.8083778966131907,0.7421709656158388,0.5519953367136337,1502,2986,111,61
65,10,5000,weak,20,S10_G5000_CNweak_R20,DeConveil,860,132,642,2854,0.8669354838709677,0.5725699067909454,0.6896551724137931,0.8275401069518716,0.7641818053713603,0.6008571304643817,1502,2986,20,112
66,10,5000,weak,3,S10_G5000_CNweak_R3,PyDESeq2,801,176,700,2815,0.81985670419652,0.5336442371752165,0.6464891041162227,0.804986642920748,0.7374005204598918,0.5428755326687841,1501,2991,108,68
67,10,5000,weak,3,S10_G5000_CNweak_R3,DeConveil,854,149,647,2842,0.8514456630109671,0.5689540306462358,0.6821086261980831,0.8227960819234195,0.7595689578172671,0.5880040948013456,1501,2991,24,125
68,10,5000,weak,4,S10_G5000_CNweak_R4,PyDESeq2,844,215,656,2779,0.7969782813975449,0.5626666666666666,0.6596326690113326,0.806186025812194,0.7454281897127588,0.5453993505593735,1500,2994,123,92
69,10,5000,weak,4,S10_G5000_CNweak_R4,DeConveil,898,181,602,2813,0.8322520852641334,0.5986666666666667,0.6963939511438542,0.8257676902536716,0.7691062124248497,0.5941815612709203,1500,2994,30,151
70,10,5000,weak,5,S10_G5000_CNweak_R5,PyDESeq2,825,207,679,2780,0.7994186046511628,0.5485372340425532,0.6506309148264984,0.8027165441995101,0.7396184663684476,0.5376215636494549,1504,2987,117,90
71,10,5000,weak,5,S10_G5000_CNweak_R5,DeConveil,887,148,617,2839,0.8570048309178744,0.5897606382978723,0.6987002756990941,0.8296593186372746,0.7701062983923241,0.6054094484260097,1504,2987,20,128
72,10,5000,weak,6,S10_G5000_CNweak_R6,PyDESeq2,801,210,700,2777,0.7922848664688428,0.5336442371752165,0.6377388535031847,0.7972370766488414,0.7316697918383614,0.5232743397490859,1501,2987,122,88
73,10,5000,weak,6,S10_G5000_CNweak_R6,DeConveil,862,151,639,2836,0.8509378084896347,0.5742838107928048,0.6857597454256166,0.8239750445632799,0.7618657085433725,0.5910639298584786,1501,2987,28,123
74,10,5000,weak,7,S10_G5000_CNweak_R7,PyDESeq2,834,204,670,2779,0.8034682080924855,0.5545212765957447,0.6561762391817466,0.805215065745487,0.7430668736314292,0.5442031378667938,1504,2983,120,84
75,10,5000,weak,7,S10_G5000_CNweak_R7,DeConveil,850,159,654,2824,0.8424182358771061,0.5651595744680851,0.6764822920811778,0.818809895252953,0.7559287647734324,0.578747688009147,1504,2983,24,135
76,10,5000,weak,8,S10_G5000_CNweak_R8,PyDESeq2,817,185,686,2803,0.8153692614770459,0.543579507651364,0.6522954091816368,0.8060565575595636,0.7408325918444235,0.5459221262264911,1503,2988,111,74
77,10,5000,weak,8,S10_G5000_CNweak_R8,DeConveil,862,158,641,2830,0.8450980392156863,0.573519627411843,0.6833135156559651,0.82208862168782,0.7603207240138198,0.586382678957187,1503,2988,28,130
78,10,5000,weak,9,S10_G5000_CNweak_R9,PyDESeq2,838,208,662,2780,0.8011472275334608,0.5586666666666666,0.6582875098193244,0.8061497326203209,0.7445274431057565,0.5456601690092047,1500,2988,124,84
79,10,5000,weak,9,S10_G5000_CNweak_R9,DeConveil,886,172,614,2816,0.8374291115311909,0.5906666666666667,0.6927286942924159,0.8248663101604278,0.7665515394912985,0.5924575292288116,1500,2988,30,142
80,20,5000,strong,1,S20_G5000_CNstrong_R1,PyDESeq2,1061,390,438,2602,0.7312198483804273,0.7078052034689793,0.7193220338983051,0.8156312625250501,0.7887288049430459,0.5822791266778842,1499,2992,306,84
81,20,5000,strong,1,S20_G5000_CNstrong_R1,DeConveil,1124,227,375,2765,0.8319763138415989,0.7498332221480988,0.7887719298245615,0.8659541304831886,0.8369821190954396,0.6929884002597411,1499,2992,27,200
82,20,5000,strong,10,S20_G5000_CNstrong_R10,PyDESeq2,1057,370,447,2622,0.7407147862648914,0.7027925531914894,0.7212555441828727,0.8182829181494662,0.7895647257936056,0.5870430265517175,1504,2992,280,90
83,20,5000,strong,10,S20_G5000_CNstrong_R10,DeConveil,1122,218,382,2774,0.8373134328358209,0.7460106382978723,0.7890295358649789,0.8665480427046264,0.8365748378655137,0.6943772078793705,1504,2992,33,185
84,20,5000,strong,11,S20_G5000_CNstrong_R11,PyDESeq2,1110,356,390,2635,0.757162346521146,0.74,0.7484828051247472,0.8338900022266755,0.8104881310598462,0.6245959448027607,1500,2991,278,78
85,20,5000,strong,11,S20_G5000_CNstrong_R11,DeConveil,1159,219,341,2772,0.8410740203193033,0.7726666666666666,0.8054204308547602,0.8753061678913382,0.849723503844868,0.7153103079486719,1500,2991,40,179
86,20,5000,strong,12,S20_G5000_CNstrong_R12,PyDESeq2,1078,379,424,2607,0.7398764584763212,0.7177097203728362,0.7286245353159851,0.821078431372549,0.7953920336626404,0.5953685621204835,1502,2986,305,74
87,20,5000,strong,12,S20_G5000_CNstrong_R12,DeConveil,1156,204,346,2782,0.85,0.7696404793608522,0.8078266946191475,0.8774509803921569,0.8506608290977068,0.7201024568055766,1502,2986,35,169
88,20,5000,strong,13,S20_G5000_CNstrong_R13,PyDESeq2,1070,361,430,2622,0.7477288609364081,0.7133333333333334,0.7301262367792563,0.8235556546955164,0.7961571125265393,0.5995319571898582,1500,2983,276,85
89,20,5000,strong,13,S20_G5000_CNstrong_R13,DeConveil,1136,194,364,2789,0.8541353383458646,0.7573333333333333,0.8028268551236749,0.8755297791657373,0.846149066934853,0.7151178380320018,1500,2983,34,160
90,20,5000,strong,14,S20_G5000_CNstrong_R14,PyDESeq2,1068,357,430,2633,0.7494736842105263,0.7129506008010681,0.7307560725282244,0.8246434937611408,0.7967763037450157,0.6012703487938214,1498,2990,265,92
91,20,5000,strong,14,S20_G5000_CNstrong_R14,DeConveil,1157,241,341,2749,0.8276108726752504,0.7723631508678238,0.7990331491712708,0.8703208556149733,0.8458805720894303,0.7043926890197902,1498,2990,38,203
92,20,5000,strong,15,S20_G5000_CNstrong_R15,PyDESeq2,1059,362,442,2625,0.745249824067558,0.7055296469020653,0.7248459958932238,0.820855614973262,0.7921689078166169,0.592676930811625,1501,2987,275,87
93,20,5000,strong,15,S20_G5000_CNstrong_R15,DeConveil,1126,223,375,2764,0.8346923647146034,0.7501665556295802,0.7901754385964912,0.8667557932263814,0.8377548546477329,0.6950850062185909,1501,2987,33,190
94,20,5000,strong,16,S20_G5000_CNstrong_R16,PyDESeq2,1054,397,449,2588,0.7263955892487939,0.7012641383898869,0.7136086662153013,0.8114973262032086,0.7841329067158815,0.5733860011956464,1503,2985,304,93
95,20,5000,strong,16,S20_G5000_CNstrong_R16,DeConveil,1138,216,365,2769,0.8404726735598228,0.7571523619427811,0.7966398319915996,0.8705436720142602,0.8423952764487774,0.7041263390322312,1503,2985,32,184
96,20,5000,strong,17,S20_G5000_CNstrong_R17,PyDESeq2,1100,380,405,2607,0.7432432432432432,0.7308970099667774,0.7370184254606366,0.8252448797862867,0.801839532770466,0.6062247113457885,1505,2987,296,84
97,20,5000,strong,17,S20_G5000_CNstrong_R17,DeConveil,1163,219,342,2768,0.841534008683068,0.7727574750830565,0.8056806373397991,0.8751113089937667,0.849719882503028,0.7153226301130292,1505,2987,42,177
98,20,5000,strong,18,S20_G5000_CNstrong_R18,PyDESeq2,1087,372,421,2611,0.7450308430431802,0.7208222811671088,0.7327266599258511,0.8234246270318415,0.7980578050153345,0.6011260484331428,1508,2983,279,93
99,20,5000,strong,18,S20_G5000_CNstrong_R18,DeConveil,1145,220,363,2763,0.8388278388278388,0.7592838196286472,0.7970762269404803,0.8701848140725896,0.8427662812524731,0.7038734327333955,1508,2983,32,188
100,20,5000,strong,19,S20_G5000_CNstrong_R19,PyDESeq2,1113,374,384,2621,0.7484868863483524,0.7434869739478958,0.7459785522788204,0.8312555654496884,0.8093060913145155,0.6196551444719743,1497,2995,294,80
101,20,5000,strong,19,S20_G5000_CNstrong_R19,DeConveil,1148,203,349,2792,0.8497409326424871,0.7668670674682698,0.8061797752808989,0.8771148708815673,0.8495437173735338,0.7185866872980978,1497,2995,39,164
102,20,5000,strong,2,S20_G5000_CNstrong_R2,PyDESeq2,1047,386,454,2604,0.7306350314026517,0.6975349766822119,0.7137014314928425,0.8129592518370073,0.7842189933578283,0.5752640005366217,1501,2990,281,105
103,20,5000,strong,2,S20_G5000_CNstrong_R2,DeConveil,1124,228,377,2762,0.8313609467455622,0.748834110592938,0.7879425166491413,0.8652861278111779,0.8362899649954656,0.6916491384703971,1501,2990,29,199
104,20,5000,strong,20,S20_G5000_CNstrong_R20,PyDESeq2,1074,372,428,2614,0.7427385892116183,0.715046604527297,0.728629579375848,0.82174688057041,0.7952326123775132,0.5962253562792215,1502,2986,282,90
105,20,5000,strong,20,S20_G5000_CNstrong_R20,DeConveil,1128,225,374,2761,0.8337028824833703,0.7509986684420772,0.7901926444833626,0.8665329768270945,0.8378235137253923,0.6947556183996092,1502,2986,22,203
106,20,5000,strong,3,S20_G5000_CNstrong_R3,PyDESeq2,1082,350,419,2641,0.755586592178771,0.7208527648234511,0.7378111148994204,0.828806767586821,0.801917522498653,0.6112018289403998,1501,2991,279,71
107,20,5000,strong,3,S20_G5000_CNstrong_R3,DeConveil,1139,211,362,2780,0.8437037037037037,0.7588274483677548,0.7990178884601894,0.872439893143366,0.8441412400648537,0.7081011390517251,1501,2991,48,163
108,20,5000,strong,4,S20_G5000_CNstrong_R4,PyDESeq2,1057,370,443,2624,0.7407147862648914,0.7046666666666667,0.7222412025965153,0.8190921228304406,0.7905430861723447,0.5886310863070044,1500,2994,283,87
109,20,5000,strong,4,S20_G5000_CNstrong_R4,DeConveil,1133,231,367,2763,0.8306451612903226,0.7553333333333333,0.7912011173184358,0.8669336893635959,0.8390895123580494,0.6955630882180588,1500,2994,33,198
110,20,5000,strong,5,S20_G5000_CNstrong_R5,PyDESeq2,1088,377,416,2610,0.7426621160409557,0.723404255319149,0.7329067025934658,0.8234246270318415,0.7985953315430697,0.6011754875576119,1504,2987,281,96
111,20,5000,strong,5,S20_G5000_CNstrong_R5,DeConveil,1127,213,377,2774,0.841044776119403,0.7493351063829787,0.7925457102672293,0.8686261411712314,0.8390130503458249,0.6993769923406663,1504,2987,31,182
112,20,5000,strong,6,S20_G5000_CNstrong_R6,PyDESeq2,1072,383,429,2604,0.7367697594501719,0.7141905396402398,0.7253044654939107,0.8190730837789661,0.7929841215107793,0.59062841284325,1501,2987,287,96
113,20,5000,strong,6,S20_G5000_CNstrong_R6,DeConveil,1151,218,350,2769,0.8407596785975164,0.7668221185876083,0.8020905923344948,0.8734402852049911,0.8469195962874433,0.7109799833877725,1501,2987,37,181
114,20,5000,strong,7,S20_G5000_CNstrong_R7,PyDESeq2,1099,367,405,2616,0.7496589358799455,0.730718085106383,0.7400673400673401,0.8279474036104302,0.8038437894522864,0.6116296865334818,1504,2983,283,84
115,20,5000,strong,7,S20_G5000_CNstrong_R7,DeConveil,1146,206,358,2777,0.8476331360946746,0.761968085106383,0.8025210084033614,0.8743035435703143,0.8464550448998224,0.7128863707496319,1504,2983,33,173
116,20,5000,strong,8,S20_G5000_CNstrong_R8,PyDESeq2,1051,373,452,2615,0.738061797752809,0.699268130405855,0.7181414417492313,0.8162992651970608,0.7872177332082823,0.5825043195458994,1503,2988,278,95
117,20,5000,strong,8,S20_G5000_CNstrong_R8,DeConveil,1127,244,376,2744,0.8220277169948942,0.7498336660013307,0.7842727905358385,0.8619461144511245,0.8340868463875463,0.6846413651826508,1503,2988,37,207
118,20,5000,strong,9,S20_G5000_CNstrong_R9,PyDESeq2,1122,399,378,2589,0.73767258382643,0.748,0.7428003972194638,0.8268716577540107,0.8072329317269077,0.6123649241611302,1500,2988,298,101
119,20,5000,strong,9,S20_G5000_CNstrong_R9,DeConveil,1172,259,328,2729,0.8190076869322153,0.7813333333333333,0.799727055612419,0.8692067736185384,0.847326639892905,0.7031313799270109,1500,2988,43,216
120,20,5000,weak,1,S20_G5000_CNweak_R1,PyDESeq2,1036,267,463,2725,0.795088257866462,0.6911274182788526,0.7394718058529621,0.837452683144066,0.8009447251822072,0.6254131061662491,1499,2992,184,83
121,20,5000,weak,1,S20_G5000_CNweak_R1,DeConveil,1121,220,378,2772,0.8359433258762118,0.7478318879252835,0.7894366197183098,0.8668448007125362,0.8371512380802889,0.6948110228176932,1499,2992,24,196
122,20,5000,weak,10,S20_G5000_CNweak_R10,PyDESeq2,1036,275,468,2717,0.7902364607170099,0.6888297872340425,0.736056838365897,0.8347419928825622,0.7984590112640801,0.6196740934964036,1504,2992,177,98
123,20,5000,weak,10,S20_G5000_CNweak_R10,DeConveil,1126,222,378,2770,0.8353115727002968,0.7486702127659575,0.7896213183730715,0.8665480427046264,0.8372361759016953,0.6945548629830653,1504,2992,32,190
124,20,5000,weak,11,S20_G5000_CNweak_R11,PyDESeq2,1065,255,435,2736,0.8068181818181818,0.71,0.7553191489361702,0.8463593854375417,0.812372116349047,0.6468014801353493,1500,2991,195,60
125,20,5000,weak,11,S20_G5000_CNweak_R11,DeConveil,1131,196,369,2795,0.8522984174830445,0.754,0.8001414927484967,0.8741928301046538,0.8442350384486793,0.711680729469441,1500,2991,38,158
126,20,5000,weak,12,S20_G5000_CNweak_R12,PyDESeq2,1046,265,456,2721,0.7978642257818459,0.6964047936085219,0.7436900106647707,0.839349376114082,0.8038286526649441,0.6305632242246945,1502,2986,198,67
127,20,5000,weak,12,S20_G5000_CNweak_R12,DeConveil,1127,200,375,2786,0.8492840994724944,0.7503328894806924,0.7967479674796748,0.8718805704099821,0.8416768265219938,0.7066065828553345,1502,2986,35,165
128,20,5000,weak,13,S20_G5000_CNweak_R13,PyDESeq2,1024,278,476,2705,0.7864823348694316,0.6826666666666666,0.7309064953604568,0.8318090564354227,0.7947359481506313,0.6127002168124343,1500,2983,190,88
129,20,5000,weak,13,S20_G5000_CNweak_R13,DeConveil,1098,209,402,2774,0.8400918133129304,0.732,0.7823298895618097,0.8637073388356011,0.830968152866242,0.6872431462026279,1500,2983,39,170
130,20,5000,weak,14,S20_G5000_CNweak_R14,PyDESeq2,1052,280,446,2710,0.7897897897897898,0.7022696929238985,0.7434628975265017,0.8382352941176471,0.8043121039870329,0.6282320859829005,1498,2990,186,94
131,20,5000,weak,14,S20_G5000_CNweak_R14,DeConveil,1128,232,370,2758,0.8294117647058824,0.753004005340454,0.7893631910426872,0.8658645276292335,0.8377060160481534,0.6930386693749843,1498,2990,38,194
132,20,5000,weak,15,S20_G5000_CNweak_R15,PyDESeq2,1053,306,448,2681,0.7748344370860927,0.7015323117921386,0.7363636363636363,0.8319964349376114,0.7995441940614526,0.615157536992442,1501,2987,220,86
133,20,5000,weak,15,S20_G5000_CNweak_R15,DeConveil,1134,234,367,2753,0.8289473684210527,0.7554963357761493,0.7905193447194144,0.8660873440285205,0.8385784323674854,0.6940278484623563,1501,2987,37,197
134,20,5000,weak,16,S20_G5000_CNweak_R16,PyDESeq2,1043,312,460,2673,0.7697416974169742,0.6939454424484365,0.7298810356892932,0.8279857397504456,0.7947114146915548,0.6059388046047076,1503,2985,211,101
135,20,5000,weak,16,S20_G5000_CNweak_R16,DeConveil,1131,243,372,2742,0.8231441048034934,0.7524950099800399,0.786235662148071,0.8629679144385026,0.8355439874020804,0.6871925527855692,1503,2985,36,207
136,20,5000,weak,17,S20_G5000_CNweak_R17,PyDESeq2,1062,289,443,2698,0.7860843819393042,0.7056478405315615,0.7436974789915967,0.8370436331255565,0.8044476229775317,0.6267102558464072,1505,2987,207,82
137,20,5000,weak,17,S20_G5000_CNweak_R17,DeConveil,1145,221,360,2766,0.8382137628111274,0.760797342192691,0.7976314872866597,0.8706589492430988,0.8434050319935668,0.7046974096495162,1505,2987,37,184
138,20,5000,weak,18,S20_G5000_CNweak_R18,PyDESeq2,1074,281,434,2702,0.792619926199262,0.7122015915119363,0.7502619629758994,0.8407926965041194,0.8090005610928772,0.6358561652143946,1508,2983,197,84
139,20,5000,weak,18,S20_G5000_CNweak_R18,DeConveil,1137,209,371,2774,0.8447251114413076,0.7539787798408488,0.7967764540995095,0.8708528167446004,0.8419575427866665,0.7050121896095741,1508,2983,32,177
140,20,5000,weak,19,S20_G5000_CNweak_R19,PyDESeq2,1090,272,407,2723,0.8002936857562408,0.72812291249165,0.7625043721580972,0.8488423864648263,0.8186524412207833,0.6535756095692775,1497,2995,191,81
141,20,5000,weak,19,S20_G5000_CNweak_R19,DeConveil,1154,203,343,2792,0.8504053058216654,0.770875083500334,0.8086895585143657,0.8784505788067676,0.851547725389566,0.7217967214302164,1497,2995,34,169
142,20,5000,weak,2,S20_G5000_CNweak_R2,PyDESeq2,1023,288,478,2702,0.7803203661327232,0.681545636242505,0.7275960170697012,0.8294366510799377,0.7926122830041956,0.6072025443242812,1501,2990,192,96
143,20,5000,weak,2,S20_G5000_CNweak_R2,DeConveil,1109,226,392,2764,0.8307116104868913,0.7388407728181212,0.7820874471086037,0.8623914495657983,0.8316277442685923,0.6845381592556427,1501,2990,32,194
144,20,5000,weak,20,S20_G5000_CNweak_R20,PyDESeq2,1056,286,446,2700,0.7868852459016393,0.7030625832223701,0.7426160337552743,0.8368983957219251,0.8036411375589413,0.6259142749478265,1502,2986,198,88
145,20,5000,weak,20,S20_G5000_CNweak_R20,DeConveil,1132,218,370,2768,0.8385185185185186,0.7536617842876165,0.7938288920056101,0.8689839572192514,0.8403272082858043,0.7003468522538953,1502,2986,31,187
146,20,5000,weak,3,S20_G5000_CNweak_R3,PyDESeq2,1059,278,442,2713,0.7920718025430067,0.7055296469020653,0.7463002114164905,0.8397150489759573,0.8062920718629351,0.6319735737514062,1501,2991,187,91
147,20,5000,weak,3,S20_G5000_CNweak_R3,DeConveil,1131,234,370,2757,0.8285714285714286,0.7534976682211859,0.7892533147243544,0.8655387355298308,0.8376314820544244,0.6925341867964984,1501,2991,42,192
148,20,5000,weak,4,S20_G5000_CNweak_R4,PyDESeq2,1067,289,433,2705,0.7868731563421829,0.7113333333333334,0.7471988795518207,0.8393413440142412,0.8074034736138944,0.6316172456550209,1500,2994,205,84
149,20,5000,weak,4,S20_G5000_CNweak_R4,DeConveil,1120,229,380,2765,0.8302446256486287,0.7466666666666667,0.7862407862407862,0.8644859813084113,0.8350901803607214,0.6895200905269397,1500,2994,40,189
150,20,5000,weak,5,S20_G5000_CNweak_R5,PyDESeq2,1064,302,440,2685,0.7789165446559297,0.7074468085106383,0.7414634146341463,0.8347806724560232,0.8031710105492597,0.62202642659543,1504,2987,204,98
151,20,5000,weak,5,S20_G5000_CNweak_R5,DeConveil,1119,209,385,2778,0.8426204819277109,0.7440159574468085,0.7902542372881356,0.8677354709418837,0.8370230440062968,0.6970797848216478,1504,2987,28,181
152,20,5000,weak,6,S20_G5000_CNweak_R6,PyDESeq2,1048,296,453,2691,0.7797619047619048,0.698201199200533,0.7367311072056238,0.8331105169340464,0.7995525580870425,0.6171206553624388,1501,2987,205,91
153,20,5000,weak,6,S20_G5000_CNweak_R6,DeConveil,1150,218,351,2769,0.8406432748538012,0.7661558960692871,0.801673056814221,0.8732174688057041,0.8465864850282827,0.7104429860707496,1501,2987,36,182
154,20,5000,weak,7,S20_G5000_CNweak_R7,PyDESeq2,1066,283,438,2700,0.7902149740548554,0.7087765957446809,0.7472835611636873,0.8393135725429017,0.8069528302223237,0.6320038706787341,1504,2983,199,84
155,20,5000,weak,7,S20_G5000_CNweak_R7,DeConveil,1159,210,345,2773,0.8466033601168736,0.7706117021276596,0.8068221371388792,0.8763093380878092,0.8501063874366088,0.7178617200347553,1504,2983,39,171
156,20,5000,weak,8,S20_G5000_CNweak_R8,PyDESeq2,1065,283,438,2705,0.7900593471810089,0.7085828343313373,0.7471062784987723,0.839456691160098,0.8069353261348788,0.6320181080830355,1503,2988,195,88
157,20,5000,weak,8,S20_G5000_CNweak_R8,DeConveil,1132,225,371,2763,0.8341930729550479,0.7531603459747173,0.7916083916083916,0.8672901358272099,0.83892957057772,0.6965781122270477,1503,2988,28,197
158,20,5000,weak,9,S20_G5000_CNweak_R9,PyDESeq2,1075,302,425,2686,0.7806826434277415,0.7166666666666667,0.7473062217587765,0.8380124777183601,0.8077978580990629,0.6296722286773049,1500,2988,210,92
159,20,5000,weak,9,S20_G5000_CNweak_R9,DeConveil,1158,251,342,2737,0.8218594748048261,0.772,0.7961498796837401,0.8678698752228164,0.8439986613119143,0.6992980758372511,1500,2988,41,210
160,40,5000,strong,1,S40_G5000_CNstrong_R1,PyDESeq2,1230,450,269,2542,0.7321428571428571,0.8205470313542361,0.7738282478766908,0.8399020262747717,0.8350729809177597,0.6530793507296326,1499,2992,367,83
161,40,5000,strong,1,S40_G5000_CNstrong_R1,DeConveil,1261,157,238,2835,0.889280677009873,0.8412274849899933,0.8645869043537882,0.9120463148519261,0.8943771114789539,0.8002098868465553,1499,2992,31,126
162,40,5000,strong,10,S40_G5000_CNstrong_R10,PyDESeq2,1260,438,244,2554,0.7420494699646644,0.8377659574468085,0.7870081199250468,0.8483096085409253,0.845687791557629,0.6728620779640645,1504,2992,362,76
163,40,5000,strong,10,S40_G5000_CNstrong_R10,DeConveil,1294,150,210,2842,0.8961218836565097,0.8603723404255319,0.8778833107191316,0.9199288256227758,0.9051193252929798,0.8187320806639938,1504,2992,31,119
164,40,5000,strong,11,S40_G5000_CNstrong_R11,PyDESeq2,1276,424,224,2567,0.7505882352941177,0.8506666666666667,0.7975,0.8557114228456913,0.8544540287529254,0.6893493488802516,1500,2991,353,71
165,40,5000,strong,11,S40_G5000_CNstrong_R11,DeConveil,1299,140,201,2851,0.9027102154273802,0.866,0.8839741408642395,0.9240703629481185,0.909596456034771,0.827975260406872,1500,2991,25,115
166,40,5000,strong,12,S40_G5000_CNstrong_R12,PyDESeq2,1231,446,271,2540,0.7340488968395945,0.8195739014647138,0.7744573765335011,0.8402406417112299,0.8351051021054311,0.6537232780411936,1502,2986,353,93
167,40,5000,strong,12,S40_G5000_CNstrong_R12,DeConveil,1272,164,230,2822,0.8857938718662952,0.8468708388814914,0.8658951667801226,0.9122103386809269,0.8959739325016969,0.8011373430381928,1502,2986,32,132
168,40,5000,strong,13,S40_G5000_CNstrong_R13,PyDESeq2,1234,425,266,2558,0.7438215792646172,0.8226666666666667,0.7812598923710035,0.8458621458844524,0.8400963236115768,0.6647351590000341,1500,2983,337,88
169,40,5000,strong,13,S40_G5000_CNstrong_R13,DeConveil,1278,164,222,2819,0.8862690707350902,0.852,0.8687967369136642,0.9138969440107071,0.898510895072075,0.8051033076457389,1500,2983,34,130
170,40,5000,strong,14,S40_G5000_CNstrong_R14,PyDESeq2,1253,438,245,2552,0.7409816676522768,0.8364485981308412,0.7858262778300408,0.8478163992869875,0.84498015190823,0.6714250939568662,1498,2990,349,89
171,40,5000,strong,14,S40_G5000_CNstrong_R14,DeConveil,1308,158,190,2832,0.8922237380627558,0.8731642189586115,0.8825910931174089,0.9224598930481284,0.9101607047970314,0.8248240814342526,1498,2990,30,128
172,40,5000,strong,15,S40_G5000_CNstrong_R15,PyDESeq2,1233,421,268,2566,0.74546553808948,0.82145236508994,0.7816164817749603,0.8464795008912656,0.8402541370143373,0.6655392789285549,1501,2987,342,79
173,40,5000,strong,15,S40_G5000_CNstrong_R15,DeConveil,1271,153,230,2834,0.8925561797752809,0.8467688207861426,0.869059829059829,0.9146613190730838,0.897773429475763,0.8064442461760689,1501,2987,25,128
174,40,5000,strong,16,S40_G5000_CNstrong_R16,PyDESeq2,1239,449,264,2536,0.7340047393364929,0.8243512974051896,0.7765590723911,0.841131907308378,0.836966268468089,0.656602974010025,1503,2985,366,83
175,40,5000,strong,16,S40_G5000_CNstrong_R16,DeConveil,1280,161,223,2824,0.8882720333102012,0.8516300731869594,0.8695652173913043,0.9144385026737968,0.8988468623891245,0.8063426212160695,1503,2985,27,134
176,40,5000,strong,17,S40_G5000_CNstrong_R17,PyDESeq2,1265,461,240,2526,0.7329084588644265,0.840531561461794,0.7830393067161869,0.8439447907390917,0.8430980539146934,0.6658672085570924,1505,2987,376,85
177,40,5000,strong,17,S40_G5000_CNstrong_R17,DeConveil,1301,152,204,2835,0.8953888506538197,0.8644518272425249,0.8796484110885734,0.9207479964381122,0.9067823247360934,0.8208801873038906,1505,2987,26,126
178,40,5000,strong,18,S40_G5000_CNstrong_R18,PyDESeq2,1248,433,260,2550,0.7424152290303391,0.8275862068965517,0.7826904985888994,0.845691382765531,0.8412151617788155,0.6659606938098728,1508,2983,358,75
179,40,5000,strong,18,S40_G5000_CNstrong_R18,DeConveil,1296,139,212,2844,0.9031358885017422,0.8594164456233422,0.8807339449541285,0.9218436873747495,0.9064095302203201,0.8232250006968774,1508,2983,19,120
180,40,5000,strong,19,S40_G5000_CNstrong_R19,PyDESeq2,1240,461,257,2534,0.7289829512051734,0.8283233132932531,0.7754846779237023,0.840160284951024,0.8372000539755081,0.6553825436607711,1497,2995,373,88
181,40,5000,strong,19,S40_G5000_CNstrong_R19,DeConveil,1289,155,208,2840,0.8926592797783933,0.8610554442217769,0.8765725943556614,0.9191896705253785,0.9046512613429419,0.8168252036693747,1497,2995,28,127
182,40,5000,strong,2,S40_G5000_CNstrong_R2,PyDESeq2,1253,435,248,2555,0.7422985781990521,0.8347768154563624,0.7858262778300408,0.8479180583389,0.8446459328117932,0.6713226861631068,1501,2990,360,75
183,40,5000,strong,2,S40_G5000_CNstrong_R2,DeConveil,1291,147,210,2843,0.8977746870653686,0.860093271152565,0.8785301122830895,0.9205076820307281,0.9054646957769513,0.819909911657861,1501,2990,23,124
184,40,5000,strong,20,S40_G5000_CNstrong_R20,PyDESeq2,1252,459,250,2527,0.7317358270017533,0.833555259653795,0.779333955804544,0.8420231729055259,0.8399189560157789,0.6604992111963904,1502,2986,364,95
185,40,5000,strong,20,S40_G5000_CNstrong_R20,DeConveil,1275,167,227,2819,0.8841886269070736,0.8488681757656458,0.8661684782608695,0.9122103386809269,0.8964702566704988,0.8012589543756874,1502,2986,26,141
186,40,5000,strong,3,S40_G5000_CNstrong_R3,PyDESeq2,1247,432,254,2559,0.7427039904705182,0.8307794803464357,0.7842767295597485,0.8472840605520926,0.8431730902233683,0.6691624454794709,1501,2991,349,83
187,40,5000,strong,3,S40_G5000_CNstrong_R3,DeConveil,1280,160,221,2831,0.8888888888888888,0.8527648234510327,0.870452227133628,0.9151825467497774,0.8996355043366833,0.8078283725297198,1501,2991,37,123
188,40,5000,strong,4,S40_G5000_CNstrong_R4,PyDESeq2,1227,431,273,2563,0.7400482509047045,0.818,0.7770740975300824,0.8433466844681798,0.8370227120908483,0.6587419422689774,1500,2994,364,67
189,40,5000,strong,4,S40_G5000_CNstrong_R4,DeConveil,1274,145,226,2849,0.897815362931642,0.8493333333333334,0.8729016786570744,0.9174454828660437,0.9004515698062794,0.812526933649979,1500,2994,30,115
190,40,5000,strong,5,S40_G5000_CNstrong_R5,PyDESeq2,1247,440,257,2547,0.7391819798458803,0.8291223404255319,0.7815731745534316,0.8448007125361835,0.840908676071487,0.66445111302347,1504,2987,352,88
191,40,5000,strong,5,S40_G5000_CNstrong_R5,DeConveil,1274,153,230,2834,0.8927820602662929,0.8470744680851063,0.8693278744455817,0.9147183255399688,0.8979262531252448,0.8067105761254185,1504,2987,29,124
192,40,5000,strong,6,S40_G5000_CNstrong_R6,PyDESeq2,1218,420,283,2567,0.7435897435897436,0.8114590273151232,0.7760433258999682,0.8433600713012478,0.8354248601590681,0.6574365149733905,1501,2987,352,68
193,40,5000,strong,6,S40_G5000_CNstrong_R6,DeConveil,1275,131,226,2856,0.9068278805120911,0.8494337108594271,0.8771929824561403,0.9204545454545454,0.9027884992194691,0.8194190140671367,1501,2987,25,106
194,40,5000,strong,7,S40_G5000_CNstrong_R7,PyDESeq2,1256,439,248,2544,0.7410029498525074,0.8351063829787234,0.78524538918412,0.8468910184978827,0.8439695508591237,0.669819800501647,1504,2983,355,84
195,40,5000,strong,7,S40_G5000_CNstrong_R7,DeConveil,1285,144,219,2839,0.8992302309307207,0.8543882978723404,0.876235935901807,0.9190996211277023,0.9030573738775043,0.8167940331078797,1504,2983,20,124
196,40,5000,strong,8,S40_G5000_CNstrong_R8,PyDESeq2,1230,438,273,2550,0.737410071942446,0.8183632734530938,0.7757805108798487,0.8416833667334669,0.8358884640357838,0.6560567507927559,1503,2988,360,78
197,40,5000,strong,8,S40_G5000_CNstrong_R8,DeConveil,1263,140,240,2848,0.9002138275124733,0.8403193612774451,0.8692360633172747,0.9153863282119795,0.8967326391393919,0.8078490758062451,1503,2988,31,109
198,40,5000,strong,9,S40_G5000_CNstrong_R9,PyDESeq2,1293,433,207,2555,0.7491309385863267,0.862,0.8016119032858029,0.857397504456328,0.8585435073627845,0.6953053186803355,1500,2988,363,70
199,40,5000,strong,9,S40_G5000_CNstrong_R9,DeConveil,1311,150,189,2838,0.8973305954825462,0.874,0.8855116514690983,0.9244652406417112,0.9118995983935744,0.8293273191013867,1500,2988,34,116
200,40,5000,weak,1,S40_G5000_CNweak_R1,PyDESeq2,1216,365,283,2627,0.7691334598355472,0.8112074716477652,0.7896103896103897,0.8557114228456913,0.8446077465190699,0.6804938632531505,1499,2992,279,86
201,40,5000,weak,1,S40_G5000_CNweak_R1,DeConveil,1271,161,228,2831,0.8875698324022346,0.847898599066044,0.867280791538724,0.9133823201959475,0.8970442193191183,0.8035062081100214,1499,2992,29,132
202,40,5000,weak,10,S40_G5000_CNweak_R10,PyDESeq2,1218,334,286,2658,0.7847938144329897,0.8098404255319149,0.7971204188481675,0.8620996441281139,0.8491047047445671,0.6929081168408456,1504,2992,262,72
203,40,5000,weak,10,S40_G5000_CNweak_R10,DeConveil,1283,137,221,2855,0.9035211267605634,0.8530585106382979,0.8775649794801642,0.9203736654804271,0.903634870292411,0.8193813011234187,1504,2992,25,112
204,40,5000,weak,11,S40_G5000_CNweak_R11,PyDESeq2,1247,334,253,2657,0.788741302972802,0.8313333333333334,0.8094774423888348,0.869294143843242,0.8598324974924774,0.7106762227411211,1500,2991,265,69
205,40,5000,weak,11,S40_G5000_CNweak_R11,DeConveil,1285,138,215,2853,0.9030217849613492,0.8566666666666667,0.8792336640437907,0.9213983522600757,0.9052641257104647,0.8216594706336232,1500,2991,22,116
206,40,5000,weak,12,S40_G5000_CNweak_R12,PyDESeq2,1206,355,296,2631,0.7725816784112748,0.8029294274300932,0.7874632713026445,0.8549465240641712,0.8420206413774712,0.6777185422422463,1502,2986,269,86
207,40,5000,weak,12,S40_G5000_CNweak_R12,DeConveil,1261,139,241,2847,0.9007142857142857,0.8395472703062583,0.8690558235699517,0.9153297682709447,0.8964983504913743,0.8076972141202632,1502,2986,16,123
208,40,5000,weak,13,S40_G5000_CNweak_R13,PyDESeq2,1231,332,269,2651,0.7875879718490083,0.8206666666666667,0.8037871367939928,0.8659379879544947,0.8546846575036317,0.702382592770444,1500,2983,248,84
209,40,5000,weak,13,S40_G5000_CNweak_R13,DeConveil,1277,145,223,2838,0.8980309423347398,0.8513333333333334,0.8740588637919233,0.9179121124247156,0.9013622751145379,0.813874307249815,1500,2983,21,124
210,40,5000,weak,14,S40_G5000_CNweak_R14,PyDESeq2,1244,329,254,2661,0.7908455181182454,0.8304405874499332,0.810159557147509,0.8700980392156863,0.8602035713169398,0.7120096341135326,1498,2990,255,74
211,40,5000,weak,14,S40_G5000_CNweak_R14,DeConveil,1290,147,208,2843,0.8977035490605428,0.8611481975967957,0.879045996592845,0.9209001782531194,0.9059921589990668,0.820709866812164,1498,2990,23,124
212,40,5000,weak,15,S40_G5000_CNweak_R15,PyDESeq2,1240,367,261,2620,0.7716241443683883,0.8261159227181879,0.797940797940798,0.8600713012477719,0.8516250855639819,0.6920512165417319,1501,2987,281,86
213,40,5000,weak,15,S40_G5000_CNweak_R15,DeConveil,1271,158,230,2829,0.8894331700489853,0.8467688207861426,0.8675767918088737,0.9135472370766489,0.8969364693150665,0.8039945458695963,1501,2987,32,126
214,40,5000,weak,16,S40_G5000_CNweak_R16,PyDESeq2,1229,382,274,2603,0.7628801986343886,0.8176979374584165,0.7893384714193963,0.8538324420677362,0.8448623690642166,0.6785936007129192,1503,2985,278,104
215,40,5000,weak,16,S40_G5000_CNweak_R16,DeConveil,1276,168,227,2817,0.8836565096952909,0.8489687292082502,0.8659653885307091,0.9119875222816399,0.8963436610865371,0.8008434902786079,1503,2985,29,139
216,40,5000,weak,17,S40_G5000_CNweak_R17,PyDESeq2,1238,387,267,2600,0.7618461538461538,0.8225913621262458,0.7910543130990415,0.8544078361531612,0.8465149646252254,0.6807651618539378,1505,2987,291,96
217,40,5000,weak,17,S40_G5000_CNweak_R17,DeConveil,1269,166,236,2821,0.8843205574912892,0.8431893687707641,0.863265306122449,0.9105075690115761,0.8938076070502632,0.7973083053315773,1505,2987,38,128
218,40,5000,weak,18,S40_G5000_CNweak_R18,PyDESeq2,1223,360,285,2623,0.7725837018319647,0.8110079575596817,0.7913296667745067,0.8563794255177021,0.8451620411331765,0.6824057273149238,1508,2983,266,94
219,40,5000,weak,18,S40_G5000_CNweak_R18,DeConveil,1270,169,238,2814,0.8825573314801946,0.8421750663129973,0.8618934509670851,0.9093743041638833,0.892760345761259,0.7949910971938816,1508,2983,32,137
220,40,5000,weak,19,S40_G5000_CNweak_R19,PyDESeq2,1227,374,270,2621,0.7663960024984384,0.8196392785571143,0.7921239509360878,0.8566340160284951,0.8473822436191247,0.6837970347939315,1497,2995,289,85
221,40,5000,weak,19,S40_G5000_CNweak_R19,DeConveil,1277,152,220,2843,0.893631910426872,0.8530394121576487,0.872863978127136,0.9171861086375779,0.9011440800354188,0.8119888838842884,1497,2995,30,122
222,40,5000,weak,2,S40_G5000_CNweak_R2,PyDESeq2,1234,372,267,2618,0.7683686176836861,0.8221185876082612,0.7943353717412295,0.8577154308617234,0.8488519359445988,0.686675249781233,1501,2990,280,92
223,40,5000,weak,2,S40_G5000_CNweak_R2,DeConveil,1303,160,198,2830,0.8906356801093643,0.8680879413724184,0.8792172739541161,0.9202850144733912,0.9072881178433998,0.8198937535520799,1501,2990,21,139
224,40,5000,weak,20,S40_G5000_CNweak_R20,PyDESeq2,1234,369,268,2617,0.7698066126013724,0.8215712383488681,0.7948470209339774,0.8580659536541889,0.8489972735615741,0.6873726183838738,1502,2986,285,84
225,40,5000,weak,20,S40_G5000_CNweak_R20,DeConveil,1273,157,229,2829,0.8902097902097902,0.8475366178428761,0.8683492496589359,0.9139928698752228,0.8974789586200316,0.8050766814198735,1502,2986,29,128
226,40,5000,weak,3,S40_G5000_CNweak_R3,PyDESeq2,1245,362,256,2629,0.7747355320472931,0.8294470353097935,0.8011583011583011,0.8624220837043634,0.8542086396876616,0.6971188902906935,1501,2991,279,83
227,40,5000,weak,3,S40_G5000_CNweak_R3,DeConveil,1287,152,214,2839,0.8943710910354413,0.8574283810792804,0.8755102040816326,0.9185218165627783,0.9033046285202487,0.8153948335827368,1501,2991,25,127
228,40,5000,weak,4,S40_G5000_CNweak_R4,PyDESeq2,1241,346,259,2648,0.7819785759294265,0.8273333333333334,0.8040168448331714,0.865376056964842,0.8558844355377421,0.702262597736187,1500,2994,275,71
229,40,5000,weak,4,S40_G5000_CNweak_R4,DeConveil,1288,145,212,2849,0.8988136775994418,0.8586666666666667,0.8782816229116945,0.9205607476635514,0.9051182364729459,0.8198389672876176,1500,2994,21,124
230,40,5000,weak,5,S40_G5000_CNweak_R5,PyDESeq2,1243,381,261,2606,0.7653940886699507,0.8264627659574468,0.7947570332480819,0.8570474281897128,0.8494550187336615,0.6865243540469147,1504,2987,290,91
231,40,5000,weak,5,S40_G5000_CNweak_R5,DeConveil,1283,152,221,2835,0.8940766550522649,0.8530585106382979,0.8730860837019394,0.9169450011133378,0.9010856664339798,0.8119065433800468,1504,2987,22,130
232,40,5000,weak,6,S40_G5000_CNweak_R6,PyDESeq2,1223,359,278,2628,0.7730720606826802,0.8147901399067289,0.7933830684398313,0.8580659536541889,0.8473013304153664,0.6859514137200587,1501,2987,280,79
233,40,5000,weak,6,S40_G5000_CNweak_R6,DeConveil,1278,131,223,2856,0.9070262597586941,0.8514323784143905,0.8783505154639175,0.9211229946524064,0.9037878329969509,0.8209767170040109,1501,2987,15,116
234,40,5000,weak,7,S40_G5000_CNweak_R7,PyDESeq2,1225,372,279,2611,0.7670632435817157,0.8144946808510638,0.7900677200902935,0.8549141965678627,0.8448940048573119,0.6800875214751474,1504,2983,291,81
235,40,5000,weak,7,S40_G5000_CNweak_R7,DeConveil,1264,150,240,2833,0.8939179632248939,0.8404255319148937,0.866346812885538,0.9130822375752173,0.8950702919380032,0.8028768374163194,1504,2983,26,124
236,40,5000,weak,8,S40_G5000_CNweak_R8,PyDESeq2,1222,342,281,2646,0.7813299232736572,0.8130405854956753,0.7968699054450603,0.8612781117791137,0.8492913770851871,0.6919232298223071,1503,2988,280,62
237,40,5000,weak,8,S40_G5000_CNweak_R8,DeConveil,1262,125,241,2863,0.9098774333093006,0.8396540252827678,0.873356401384083,0.918503674014696,0.8989100113026959,0.8148461754310458,1503,2988,22,103
238,40,5000,weak,9,S40_G5000_CNweak_R9,PyDESeq2,1261,366,239,2622,0.7750460971112477,0.8406666666666667,0.8065238247521587,0.8651960784313726,0.8590883534136546,0.7047166556118243,1500,2988,295,71
239,40,5000,weak,9,S40_G5000_CNweak_R9,DeConveil,1302,135,198,2853,0.906054279749478,0.868,0.8866189989785496,0.9258021390374331,0.9114096385542169,0.8319378740718498,1500,2988,27,108
240,60,5000,strong,1,S60_G5000_CNstrong_R1,PyDESeq2,1327,508,172,2484,0.7231607629427793,0.885256837891928,0.7960407918416317,0.8485860610109107,0.8577353708176217,0.6863433337377393,1499,2992,398,110
241,60,5000,strong,1,S60_G5000_CNstrong_R1,DeConveil,1353,189,146,2803,0.877431906614786,0.9026017344896597,0.8898388687931601,0.9254063682921398,0.9197166426458993,0.8336585790591592,1499,2992,40,149
242,60,5000,strong,10,S60_G5000_CNstrong_R10,PyDESeq2,1318,495,186,2497,0.7269718698290127,0.8763297872340425,0.7946940006029545,0.8485320284697508,0.8554443053817272,0.68374951413608,1504,2992,396,99
243,60,5000,strong,10,S60_G5000_CNstrong_R10,DeConveil,1348,187,156,2805,0.8781758957654723,0.8962765957446809,0.8871339256334321,0.9237099644128114,0.9168882978723405,0.8296234502119717,1504,2992,32,155
244,60,5000,strong,11,S60_G5000_CNstrong_R11,PyDESeq2,1318,494,182,2497,0.7273730684326711,0.8786666666666667,0.7958937198067633,0.8494767312402582,0.856752256770311,0.6859383861598177,1500,2991,396,98
245,60,5000,strong,11,S60_G5000_CNstrong_R11,DeConveil,1359,158,141,2833,0.8958470665787739,0.906,0.9008949287371562,0.9334224003562681,0.9265874289535273,0.8508022159269594,1500,2991,19,139
246,60,5000,strong,12,S60_G5000_CNstrong_R12,PyDESeq2,1343,515,159,2471,0.7228202368137783,0.8941411451398136,0.799404761904762,0.8498217468805704,0.8608348056576496,0.6913811855721907,1502,2986,403,112
247,60,5000,strong,12,S60_G5000_CNstrong_R12,DeConveil,1363,210,139,2776,0.866497139224412,0.90745672436751,0.8865040650406504,0.9222370766488414,0.9185642630544851,0.8279199894994987,1502,2986,37,173
248,60,5000,strong,13,S60_G5000_CNstrong_R13,PyDESeq2,1321,488,179,2495,0.7302377003869541,0.8806666666666667,0.7984285282562708,0.851215703769797,0.8585364845234105,0.6896609290484866,1500,2983,392,96
249,60,5000,strong,13,S60_G5000_CNstrong_R13,DeConveil,1351,158,149,2825,0.8952948972829688,0.9006666666666666,0.8979727484214025,0.9315190720499665,0.9238499273661862,0.8464460115986578,1500,2983,32,126
250,60,5000,strong,14,S60_G5000_CNstrong_R14,PyDESeq2,1330,487,168,2503,0.7319757842597688,0.8878504672897196,0.8024132730015083,0.8540552584670231,0.8624871065545587,0.69646557101357,1498,2990,377,110
251,60,5000,strong,14,S60_G5000_CNstrong_R14,DeConveil,1374,190,124,2800,0.8785166240409207,0.9172229639519359,0.8974526453298498,0.9300356506238859,0.9268389067251318,0.844847720952122,1498,2990,35,155
252,60,5000,strong,15,S60_G5000_CNstrong_R15,PyDESeq2,1321,485,180,2502,0.7314507198228128,0.8800799467021986,0.7989114000604778,0.8518270944741533,0.8588548377635533,0.6905076568648352,1501,2987,393,92
253,60,5000,strong,15,S60_G5000_CNstrong_R15,DeConveil,1343,158,158,2829,0.8947368421052632,0.8947368421052632,0.8947368421052632,0.9295900178253119,0.9209204799746269,0.8418409599492538,1501,2987,27,131
254,60,5000,strong,16,S60_G5000_CNstrong_R16,PyDESeq2,1311,482,192,2503,0.7311767986614612,0.872255489021956,0.7955097087378641,0.8498217468805704,0.8553907260855174,0.6848858835011485,1503,2985,391,91
255,60,5000,strong,16,S60_G5000_CNstrong_R16,DeConveil,1367,165,136,2820,0.8922976501305483,0.9095143047238856,0.9008237232289951,0.9329322638146168,0.9271189614071689,0.8502544390382677,1503,2985,33,132
256,60,5000,strong,17,S60_G5000_CNstrong_R17,PyDESeq2,1329,494,176,2493,0.7290181020296215,0.8830564784053156,0.7986778846153846,0.850845948352627,0.8588365753258583,0.6898345451004557,1505,2987,409,85
257,60,5000,strong,17,S60_G5000_CNstrong_R17,DeConveil,1348,158,157,2829,0.8950863213811421,0.8956810631229236,0.8953835934905348,0.9298753339269813,0.9213925904834571,0.842646389444391,1505,2987,22,136
258,60,5000,strong,18,S60_G5000_CNstrong_R18,PyDESeq2,1336,486,172,2497,0.7332601536772777,0.8859416445623343,0.8024024024024023,0.8534847472723224,0.8615092064581701,0.6953895847736316,1508,2983,393,93
259,60,5000,strong,18,S60_G5000_CNstrong_R18,DeConveil,1376,164,132,2819,0.8935064935064935,0.9124668435013262,0.9028871391076115,0.9340904030282787,0.9287443168227383,0.853121141086333,1508,2983,25,139
260,60,5000,strong,19,S60_G5000_CNstrong_R19,PyDESeq2,1338,501,159,2494,0.7275693311582382,0.8937875751503006,0.802158273381295,0.8530721282279609,0.8632543885768197,0.6964511974351232,1497,2995,414,87
261,60,5000,strong,19,S60_G5000_CNstrong_R19,DeConveil,1354,159,143,2836,0.8949107732980833,0.9044756179024717,0.8996677740863788,0.9327693677649154,0.925693568550568,0.8491446592236647,1497,2995,33,126
262,60,5000,strong,2,S60_G5000_CNstrong_R2,PyDESeq2,1331,516,170,2474,0.7206280454791554,0.8867421718854097,0.7951015531660693,0.8472500556668894,0.8570834605246447,0.6846387839120056,1501,2990,405,111
263,60,5000,strong,2,S60_G5000_CNstrong_R2,DeConveil,1357,191,144,2799,0.8766149870801033,0.9040639573617588,0.8901279107904231,0.9254063682921398,0.9200921793497757,0.8339114237771104,1501,2990,28,163
264,60,5000,strong,20,S60_G5000_CNstrong_R20,PyDESeq2,1347,505,155,2481,0.7273218142548596,0.8968042609853528,0.8032200357781754,0.8529411764705882,0.8638408444913368,0.6974741568989327,1502,2986,400,105
265,60,5000,strong,20,S60_G5000_CNstrong_R20,DeConveil,1372,167,130,2819,0.8914879792072774,0.9134487350199734,0.9023347583031898,0.9338235294117647,0.9287605362976625,0.8524481507537723,1502,2986,33,134
266,60,5000,strong,3,S60_G5000_CNstrong_R3,PyDESeq2,1332,492,169,2499,0.7302631578947368,0.8874083944037309,0.801203007518797,0.8528495102404274,0.8614574569812035,0.6943531458886023,1501,2991,412,80
267,60,5000,strong,3,S60_G5000_CNstrong_R3,DeConveil,1354,147,147,2844,0.9020652898067955,0.9020652898067955,0.9020652898067955,0.9345503116651825,0.9264589237399072,0.8529178474798145,1501,2991,26,121
268,60,5000,strong,4,S60_G5000_CNstrong_R4,PyDESeq2,1319,474,181,2520,0.7356385945343,0.8793333333333333,0.8010932280595202,0.854250111259457,0.8605083500334001,0.694327576727832,1500,2994,403,71
269,60,5000,strong,4,S60_G5000_CNstrong_R4,DeConveil,1364,146,136,2848,0.9033112582781457,0.9093333333333333,0.906312292358804,0.9372496662216289,0.9302845691382766,0.8591508257565424,1500,2994,36,110
270,60,5000,strong,5,S60_G5000_CNstrong_R5,PyDESeq2,1320,504,184,2483,0.7236842105263158,0.8776595744680851,0.7932692307692307,0.8468047205522156,0.8544642030358504,0.6812711263454626,1504,2987,390,114
271,60,5000,strong,5,S60_G5000_CNstrong_R5,DeConveil,1347,183,157,2804,0.8803921568627451,0.8956117021276596,0.8879367172050099,0.9242930305054553,0.9171731091823434,0.8308505509546985,1504,2987,28,155
272,60,5000,strong,6,S60_G5000_CNstrong_R6,PyDESeq2,1312,485,189,2502,0.7301057317751809,0.8740839440373085,0.7956337174044875,0.8498217468805704,0.8558568364311082,0.6853025995201051,1501,2987,401,84
273,60,5000,strong,6,S60_G5000_CNstrong_R6,DeConveil,1347,148,154,2839,0.9010033444816054,0.8974017321785477,0.8991989319092123,0.9327094474153298,0.9239268453326618,0.8487013981696723,1501,2987,36,112
274,60,5000,strong,7,S60_G5000_CNstrong_R7,PyDESeq2,1334,481,170,2502,0.7349862258953168,0.886968085106383,0.8038565833082254,0.8549141965678627,0.8628605091975093,0.6980133108908043,1504,2983,396,85
275,60,5000,strong,7,S60_G5000_CNstrong_R7,DeConveil,1361,148,143,2835,0.901921802518224,0.9049202127659575,0.9034185197477597,0.9351459772676621,0.9276528653504612,0.8546040765234687,1504,2983,28,120
276,60,5000,strong,8,S60_G5000_CNstrong_R8,PyDESeq2,1316,499,187,2489,0.725068870523416,0.8755821689953427,0.7932489451476793,0.8472500556668894,0.8542904151536286,0.6813618549035366,1503,2988,404,95
277,60,5000,strong,8,S60_G5000_CNstrong_R8,DeConveil,1339,161,164,2827,0.8926666666666667,0.8908848968729208,0.8917748917748918,0.9276330438655088,0.91850135071223,0.8374190004449394,1503,2988,31,130
278,60,5000,strong,9,S60_G5000_CNstrong_R9,PyDESeq2,1353,483,147,2505,0.7369281045751634,0.902,0.8111510791366906,0.8596256684491979,0.8701767068273093,0.7103165129868781,1500,2988,389,94
279,60,5000,strong,9,S60_G5000_CNstrong_R9,DeConveil,1370,175,130,2813,0.8867313915857605,0.9133333333333333,0.8998357963875205,0.9320409982174688,0.9273828647925034,0.8486403060857088,1500,2988,32,143
280,60,5000,weak,1,S60_G5000_CNweak_R1,PyDESeq2,1308,404,191,2588,0.764018691588785,0.8725817211474316,0.8146994705699159,0.8675128033845468,0.8687774915897586,0.7161101989566243,1499,2992,324,80
281,60,5000,weak,1,S60_G5000_CNweak_R1,DeConveil,1352,171,147,2821,0.8877216021011162,0.9019346230820547,0.8947716743878227,0.9291917167668671,0.9223911083324712,0.8414813094470727,1499,2992,37,134
282,60,5000,weak,10,S60_G5000_CNweak_R10,PyDESeq2,1295,405,209,2587,0.7617647058823529,0.8610372340425532,0.8083645443196005,0.8634341637010676,0.8628381357378541,0.7060811070652973,1504,2992,326,79
283,60,5000,weak,10,S60_G5000_CNweak_R10,DeConveil,1339,151,165,2841,0.8986577181208054,0.8902925531914894,0.8944555778223113,0.9297153024911032,0.9199123193764934,0.8417937601750218,1504,2992,36,115
284,60,5000,weak,11,S60_G5000_CNweak_R11,PyDESeq2,1306,386,194,2605,0.7718676122931442,0.8706666666666667,0.818295739348371,0.8708528167446004,0.8708064192577734,0.7218208905127352,1500,2991,315,71
285,60,5000,weak,11,S60_G5000_CNweak_R11,DeConveil,1329,144,171,2847,0.9022403258655805,0.886,0.8940464177598385,0.9298597194388778,0.9189277833500502,0.8417090648224151,1500,2991,29,115
286,60,5000,weak,12,S60_G5000_CNweak_R12,PyDESeq2,1326,404,176,2582,0.7664739884393064,0.8828229027962716,0.8205445544554455,0.8707664884135472,0.873762422597064,0.7247451492048258,1502,2986,328,76
287,60,5000,weak,12,S60_G5000_CNweak_R12,DeConveil,1366,172,136,2814,0.8881664499349805,0.9094540612516645,0.8986842105263158,0.9313725490196079,0.9259259589580492,0.8469441992086039,1502,2986,46,126
288,60,5000,weak,13,S60_G5000_CNweak_R13,PyDESeq2,1315,417,185,2566,0.7592378752886836,0.8766666666666667,0.8137376237623762,0.8657149230426054,0.8684372555592805,0.7140794771059483,1500,2983,302,115
289,60,5000,weak,13,S60_G5000_CNweak_R13,DeConveil,1355,176,145,2807,0.8850424559111691,0.9033333333333333,0.8940943582975915,0.9283961632835155,0.9221661638171863,0.8401172499164006,1500,2983,30,146
290,60,5000,weak,14,S60_G5000_CNweak_R14,PyDESeq2,1310,381,188,2609,0.7746895328208161,0.8744993324432577,0.821574161179053,0.8732174688057041,0.8735372916396891,0.7270050457925732,1498,2990,301,80
291,60,5000,weak,14,S60_G5000_CNweak_R14,DeConveil,1365,160,133,2830,0.8950819672131147,0.9112149532710281,0.9030764141581211,0.9347147950089126,0.9288516237927047,0.8539408860417396,1498,2990,36,124
292,60,5000,weak,15,S60_G5000_CNweak_R15,PyDESeq2,1324,420,177,2567,0.7591743119266054,0.8820786142571619,0.816024653312789,0.8669786096256684,0.8707346536300875,0.7176882598026203,1501,2987,315,105
293,60,5000,weak,15,S60_G5000_CNweak_R15,DeConveil,1353,184,148,2803,0.8802862719583604,0.9013990672884743,0.8907175773535221,0.9260249554367201,0.9198993997306115,0.8349523057689151,1501,2987,29,155
294,60,5000,weak,16,S60_G5000_CNweak_R16,PyDESeq2,1289,440,214,2545,0.7455176402544823,0.8576180971390552,0.7976485148514851,0.8542780748663101,0.855107206023464,0.688759801407087,1503,2985,333,107
295,60,5000,weak,16,S60_G5000_CNweak_R16,DeConveil,1347,183,156,2802,0.8803921568627451,0.8962075848303394,0.8882294757665677,0.9244652406417112,0.9174505260835113,0.8312695382800013,1503,2985,33,150
296,60,5000,weak,17,S60_G5000_CNweak_R17,PyDESeq2,1324,415,181,2572,0.7613571017826337,0.879734219269103,0.8162762022194822,0.8673196794300979,0.8703994162967544,0.7178492547539498,1505,2987,340,75
297,60,5000,weak,17,S60_G5000_CNweak_R17,DeConveil,1359,149,146,2838,0.9011936339522546,0.9029900332225914,0.9020909392631928,0.9343276936776491,0.9265536038225444,0.8526865100976905,1505,2987,26,123
298,60,5000,weak,18,S60_G5000_CNweak_R18,PyDESeq2,1320,413,188,2570,0.7616849394114252,0.8753315649867374,0.814563406356063,0.8661767980405255,0.8684401706931676,0.7148712899781535,1508,2983,314,99
299,60,5000,weak,18,S60_G5000_CNweak_R18,DeConveil,1348,176,160,2807,0.884514435695538,0.8938992042440318,0.8891820580474934,0.9251837007348029,0.9174490992725354,0.8327402657981453,1508,2983,39,137
300,60,5000,weak,19,S60_G5000_CNweak_R19,PyDESeq2,1323,410,174,2585,0.7634160415464513,0.8837675350701403,0.8191950464396285,0.8699910952804987,0.8734363551811469,0.72323722835194,1497,2995,333,77
301,60,5000,weak,19,S60_G5000_CNweak_R19,DeConveil,1363,172,134,2823,0.8879478827361563,0.9104876419505677,0.8990765171503958,0.9318788958147818,0.9265292967682721,0.8478291096235703,1497,2995,36,136
302,60,5000,weak,2,S60_G5000_CNweak_R2,PyDESeq2,1320,405,181,2585,0.7652173913043478,0.8794137241838774,0.8183508989460633,0.8695168114005789,0.8719811095835774,0.7215329753269668,1501,2990,321,84
303,60,5000,weak,2,S60_G5000_CNweak_R2,DeConveil,1354,172,147,2818,0.8872870249017037,0.9020652898067955,0.8946151304922365,0.9289690492095302,0.9222701030973776,0.8411174723383197,1501,2990,30,142
304,60,5000,weak,20,S60_G5000_CNweak_R20,PyDESeq2,1335,435,167,2551,0.7542372881355932,0.888814913448735,0.8160146699266504,0.8658645276292335,0.8715675370994512,0.7175237290680135,1502,2986,335,100
305,60,5000,weak,20,S60_G5000_CNweak_R20,DeConveil,1368,174,134,2812,0.8871595330739299,0.9107856191744341,0.8988173455978975,0.9313725490196079,0.9262568417372505,0.8470765680357677,1502,2986,35,139
306,60,5000,weak,3,S60_G5000_CNweak_R3,PyDESeq2,1315,420,186,2571,0.7579250720461095,0.8760826115922719,0.8127317676143387,0.865093499554764,0.8678306739004489,0.7127026416201355,1501,2991,329,91
307,60,5000,weak,3,S60_G5000_CNweak_R3,DeConveil,1349,173,152,2818,0.8863337713534822,0.8987341772151899,0.8924909030764142,0.9276491540516474,0.9204469949934191,0.838019742870487,1501,2991,30,143
308,60,5000,weak,4,S60_G5000_CNweak_R4,PyDESeq2,1313,415,187,2579,0.7598379629629629,0.8753333333333333,0.8135068153655515,0.8660436137071651,0.8683613894455577,0.7141306427375789,1500,2994,324,91
309,60,5000,weak,4,S60_G5000_CNweak_R4,DeConveil,1354,174,146,2820,0.8861256544502618,0.9026666666666666,0.8943196829590488,0.9287939474855362,0.9222752171008686,0.8407170722091728,1500,2994,37,137
310,60,5000,weak,5,S60_G5000_CNweak_R5,PyDESeq2,1340,427,164,2560,0.758347481607244,0.8909574468085106,0.8193213084683583,0.8684034736138945,0.874002325680787,0.7226433350489472,1504,2987,321,106
311,60,5000,weak,5,S60_G5000_CNweak_R5,DeConveil,1365,164,139,2823,0.8927403531720078,0.9075797872340425,0.9000989119683481,0.9325317301269205,0.926337600346181,0.8492369692037668,1504,2987,28,136
312,60,5000,weak,6,S60_G5000_CNweak_R6,PyDESeq2,1308,418,193,2569,0.7578215527230591,0.871419053964024,0.8106600557793616,0.8638591800356507,0.8657396575477971,0.7093780958099134,1501,2987,320,98
313,60,5000,weak,6,S60_G5000_CNweak_R6,DeConveil,1368,169,133,2818,0.8900455432661027,0.9113924050632911,0.9005924950625411,0.9327094474153298,0.9274069491001089,0.8498807521081034,1501,2987,29,140
314,60,5000,weak,7,S60_G5000_CNweak_R7,PyDESeq2,1324,398,180,2585,0.7688734030197445,0.8803191489361702,0.8208307501549907,0.871183418765322,0.8734482100698284,0.7250146484677964,1504,2983,331,67
315,60,5000,weak,7,S60_G5000_CNweak_R7,DeConveil,1372,140,132,2843,0.9074074074074074,0.9122340425531915,0.9098143236074271,0.9393804323601516,0.9326507121917817,0.8641688006802511,1504,2983,30,110
316,60,5000,weak,8,S60_G5000_CNweak_R8,PyDESeq2,1314,413,189,2575,0.7608569774174869,0.874251497005988,0.8136222910216718,0.8659541304831886,0.8680159760799686,0.7139228244793487,1503,2988,326,87
317,60,5000,weak,8,S60_G5000_CNweak_R8,DeConveil,1348,144,155,2844,0.903485254691689,0.8968729208250167,0.9001669449081803,0.9334224003562681,0.9243400748703398,0.8502393226646002,1503,2988,24,120
318,60,5000,weak,9,S60_G5000_CNweak_R9,PyDESeq2,1347,406,153,2582,0.7683970336565887,0.898,0.8281586228097141,0.875445632798574,0.8810615796519411,0.736870994727389,1500,2988,335,71
319,60,5000,weak,9,S60_G5000_CNweak_R9,DeConveil,1380,150,120,2838,0.9019607843137255,0.92,0.9108910891089109,0.9398395721925134,0.9348995983935743,0.8655858098753062,1500,2988,35,115
