,sample_size,n_genes,cn_signal,replicate,tag,comparison,TP,FP,FN,TN,Precision,Recall,F1 score,Accuracy,AUC,MCC,n_pos,n_neg
0,10,5000,strong,1,S10_G5000_CNstrong_R1,DCG_vs_DSG,363,33,387,715,0.9166666666666666,0.484,0.6335078534031413,0.719626168224299,0.7199411764705883,0.49874617711860236,750,748
1,10,5000,strong,1,S10_G5000_CNstrong_R1,DCG_vs_DIG,363,80,387,1416,0.8194130925507901,0.484,0.6085498742665549,0.7920747996438112,0.7152620320855615,0.5102630649728407,750,1496
2,10,5000,strong,10,S10_G5000_CNstrong_R10,DCG_vs_DSG,347,26,402,722,0.9302949061662198,0.46328437917222964,0.6185383244206774,0.7140948563794255,0.7142625104417297,0.49537070626315816,749,748
3,10,5000,strong,10,S10_G5000_CNstrong_R10,DCG_vs_DIG,347,87,402,1409,0.7995391705069125,0.46328437917222964,0.5866441251056635,0.7821826280623608,0.702564649479163,0.48372247711664396,749,1496
4,10,5000,strong,13,S10_G5000_CNstrong_R13,DCG_vs_DSG,331,21,419,727,0.9403409090909091,0.44133333333333336,0.6007259528130672,0.7062750333778371,0.7066292335115865,0.48734840655736666,750,748
5,10,5000,strong,13,S10_G5000_CNstrong_R13,DCG_vs_DIG,331,80,419,1416,0.805352798053528,0.44133333333333336,0.570198105081826,0.7778272484416741,0.6939286987522282,0.47307452532225774,750,1496
6,10,5000,strong,14,S10_G5000_CNstrong_R14,DCG_vs_DSG,316,35,433,712,0.9002849002849003,0.4218958611481976,0.5745454545454546,0.6871657754010695,0.687520889074768,0.4425114955531073,749,747
7,10,5000,strong,14,S10_G5000_CNstrong_R14,DCG_vs_DIG,316,109,433,1385,0.7435294117647059,0.4218958611481976,0.5383304940374787,0.758359340169416,0.6744686802394267,0.41992552578667436,749,1494
8,10,5000,strong,15,S10_G5000_CNstrong_R15,DCG_vs_DSG,368,36,381,712,0.9108910891089109,0.49132176234979974,0.6383347788378144,0.7214428857715431,0.7215967100519053,0.49921111711234184,749,748
9,10,5000,strong,15,S10_G5000_CNstrong_R15,DCG_vs_DIG,368,101,381,1395,0.7846481876332623,0.49132176234979974,0.6042692939244664,0.7853006681514476,0.7119041966829214,0.49155074315923686,749,1496
10,10,5000,strong,3,S10_G5000_CNstrong_R3,DCG_vs_DSG,326,28,424,720,0.9209039548022598,0.43466666666666665,0.5905797101449275,0.69826435246996,0.6986167557932265,0.46753342704856077,750,748
11,10,5000,strong,3,S10_G5000_CNstrong_R3,DCG_vs_DIG,326,95,424,1402,0.7743467933491687,0.43466666666666665,0.5567890691716482,0.7690253671562083,0.6856032064128257,0.4486065059423492,750,1497
12,10,5000,strong,5,S10_G5000_CNstrong_R5,DCG_vs_DSG,344,22,406,727,0.9398907103825137,0.45866666666666667,0.6164874551971327,0.71447631754503,0.7146470850022252,0.49965591559275685,750,749
13,10,5000,strong,5,S10_G5000_CNstrong_R5,DCG_vs_DIG,344,82,406,1416,0.8075117370892019,0.45866666666666667,0.5850340136054422,0.7829181494661922,0.7019635068980864,0.48597110916897096,750,1498
14,10,5000,strong,6,S10_G5000_CNstrong_R6,DCG_vs_DSG,375,32,374,716,0.9213759213759214,0.5006675567423231,0.6487889273356401,0.7287909151636607,0.7289434040396108,0.5145639845106168,749,748
15,10,5000,strong,6,S10_G5000_CNstrong_R6,DCG_vs_DIG,375,99,374,1398,0.7911392405063291,0.5006675567423231,0.6132461161079313,0.7894033837934105,0.7172676461066325,0.5020602456931811,749,1497
16,10,5000,strong,7,S10_G5000_CNstrong_R7,DCG_vs_DSG,353,38,397,710,0.9028132992327366,0.4706666666666667,0.6187554776511832,0.7096128170894526,0.7099322638146168,0.47800058287171543,750,748
17,10,5000,strong,7,S10_G5000_CNstrong_R7,DCG_vs_DIG,353,75,397,1421,0.8247663551401869,0.4706666666666667,0.599320882852292,0.7898486197684773,0.7102664884135473,0.5049840510034596,750,1496
18,10,5000,strong,9,S10_G5000_CNstrong_R9,DCG_vs_DSG,349,27,401,721,0.9281914893617021,0.4653333333333333,0.6198934280639432,0.7142857142857143,0.7146185383244207,0.49498074856455343,750,748
19,10,5000,strong,9,S10_G5000_CNstrong_R9,DCG_vs_DIG,349,100,401,1397,0.77728285077951,0.4653333333333333,0.5821517931609674,0.7770360480640854,0.6992665330661323,0.4699891998363575,750,1497
20,10,5000,weak,10,S10_G5000_CNweak_R10,DCG_vs_DSG,272,29,477,719,0.9036544850498339,0.36315086782376504,0.518095238095238,0.6619906479625919,0.6621904071739145,0.40466722377004044,749,748
21,10,5000,weak,10,S10_G5000_CNweak_R10,DCG_vs_DIG,272,110,477,1386,0.7120418848167539,0.36315086782376504,0.48099027409372236,0.7385300668151448,0.6448107280295297,0.36341205484242667,749,1496
22,10,5000,weak,13,S10_G5000_CNweak_R13,DCG_vs_DSG,247,26,503,722,0.9047619047619048,0.3293333333333333,0.48289345063538613,0.6468624833110814,0.6472869875222816,0.3815280193813311,750,748
23,10,5000,weak,13,S10_G5000_CNweak_R13,DCG_vs_DIG,247,81,503,1415,0.7530487804878049,0.3293333333333333,0.4582560296846011,0.7399821905609973,0.6375944741532976,0.36750748915627884,750,1496
24,10,5000,weak,14,S10_G5000_CNweak_R14,DCG_vs_DSG,233,18,516,729,0.9282868525896414,0.31108144192256343,0.466,0.643048128342246,0.6434925281901974,0.38400683670662655,749,747
25,10,5000,weak,14,S10_G5000_CNweak_R14,DCG_vs_DIG,233,83,516,1411,0.7373417721518988,0.31108144192256343,0.4375586854460094,0.7329469460543915,0.6277629431835039,0.3463910899904394,749,1494
26,10,5000,weak,15,S10_G5000_CNweak_R15,DCG_vs_DSG,292,36,457,712,0.8902439024390244,0.38985313751668893,0.542246982358403,0.6706746826987308,0.6708623976353498,0.4130703497161426,749,748
27,10,5000,weak,15,S10_G5000_CNweak_R15,DCG_vs_DIG,292,106,457,1390,0.7336683417085427,0.38985313751668893,0.5091543156059285,0.7492204899777283,0.6594987612717135,0.39383928292323805,749,1496
28,10,5000,weak,16,S10_G5000_CNweak_R16,DCG_vs_DSG,252,25,498,723,0.9097472924187726,0.336,0.4907497565725414,0.6508678237650201,0.651288770053476,0.3896910234864621,750,748
29,10,5000,weak,16,S10_G5000_CNweak_R16,DCG_vs_DIG,252,91,498,1405,0.7346938775510204,0.336,0.46111619396157366,0.7377560106856634,0.6375855614973263,0.3607720054190288,750,1496
30,10,5000,weak,19,S10_G5000_CNweak_R19,DCG_vs_DSG,260,24,490,724,0.9154929577464789,0.3466666666666667,0.5029013539651838,0.6568758344459279,0.6572905525846703,0.40127818554524414,750,748
31,10,5000,weak,19,S10_G5000_CNweak_R19,DCG_vs_DIG,260,93,490,1404,0.7365439093484419,0.3466666666666667,0.471441523118767,0.7405429461504228,0.6422712090848365,0.3687323233566223,750,1497
32,10,5000,weak,3,S10_G5000_CNweak_R3,DCG_vs_DSG,262,36,488,712,0.8791946308724832,0.34933333333333333,0.5,0.650200267022697,0.650602495543672,0.3772635434906662,750,748
33,10,5000,weak,3,S10_G5000_CNweak_R3,DCG_vs_DIG,262,90,488,1407,0.7443181818181818,0.34933333333333333,0.47549909255898365,0.7427681352914998,0.6446065464261858,0.3752178951038529,750,1497
34,10,5000,weak,4,S10_G5000_CNweak_R4,DCG_vs_DSG,263,29,488,719,0.9006849315068494,0.35019973368841545,0.5043144774688398,0.6551034022681788,0.6557148401062398,0.3931748289085186,751,748
35,10,5000,weak,4,S10_G5000_CNweak_R4,DCG_vs_DIG,263,83,488,1414,0.7601156069364162,0.35019973368841545,0.479489516864175,0.7459964412811388,0.6473777559557642,0.3852560771148523,751,1497
36,10,5000,weak,5,S10_G5000_CNweak_R5,DCG_vs_DSG,294,27,456,722,0.9158878504672897,0.392,0.5490196078431373,0.6777851901267512,0.6779759679572763,0.43384813851620724,750,749
37,10,5000,weak,5,S10_G5000_CNweak_R5,DCG_vs_DIG,294,88,456,1410,0.7696335078534031,0.392,0.519434628975265,0.7580071174377224,0.6666275033377836,0.4183846283813213,750,1498
38,10,5000,weak,6,S10_G5000_CNweak_R6,DCG_vs_DSG,283,29,466,719,0.907051282051282,0.37783711615487314,0.5334590009425071,0.6693386773547094,0.6695335313394687,0.41738884648667646,749,748
39,10,5000,weak,6,S10_G5000_CNweak_R6,DCG_vs_DIG,283,93,466,1404,0.7526595744680851,0.37783711615487314,0.5031111111111111,0.751113089937667,0.6578564338289397,0.3986845135276473,749,1497
40,20,5000,strong,1,S20_G5000_CNstrong_R1,DCG_vs_DSG,475,58,275,690,0.8911819887429644,0.6333333333333333,0.7404520654715511,0.7777036048064085,0.7778966131907308,0.5804534796915523,750,748
41,20,5000,strong,1,S20_G5000_CNstrong_R1,DCG_vs_DIG,475,103,275,1393,0.8217993079584776,0.6333333333333333,0.7153614457831325,0.8317008014247551,0.7822415329768271,0.6089552851200022,750,1496
42,20,5000,strong,10,S20_G5000_CNstrong_R10,DCG_vs_DSG,491,29,258,719,0.9442307692307692,0.6555407209612817,0.7738376674546887,0.8082832331329325,0.8083853337426727,0.6476889165931905,749,748
43,20,5000,strong,10,S20_G5000_CNstrong_R10,DCG_vs_DIG,491,127,258,1369,0.7944983818770227,0.6555407209612817,0.7183613752743233,0.8285077951002228,0.7853238364164696,0.6024024674922605,749,1496
44,20,5000,strong,11,S20_G5000_CNstrong_R11,DCG_vs_DSG,458,46,293,703,0.9087301587301587,0.6098535286284953,0.7298804780876494,0.774,0.7742191541673853,0.58055547154677,751,749
45,20,5000,strong,11,S20_G5000_CNstrong_R11,DCG_vs_DIG,458,115,293,1384,0.7993019197207679,0.6098535286284953,0.6918429003021148,0.8186666666666667,0.7665678583769562,0.5770516951490258,751,1499
46,20,5000,strong,12,S20_G5000_CNstrong_R12,DCG_vs_DSG,456,37,294,711,0.9249492900608519,0.608,0.7337087691069992,0.7790387182910548,0.7792673796791445,0.5943265694727342,750,748
47,20,5000,strong,12,S20_G5000_CNstrong_R12,DCG_vs_DIG,456,94,294,1403,0.8290909090909091,0.608,0.7015384615384616,0.8273253226524254,0.7726038744154977,0.5979726016658967,750,1497
48,20,5000,strong,13,S20_G5000_CNstrong_R13,DCG_vs_DSG,470,39,280,709,0.9233791748526523,0.6266666666666667,0.7466243050039714,0.7870493991989319,0.7872638146167559,0.6065062946382108,750,748
49,20,5000,strong,13,S20_G5000_CNstrong_R13,DCG_vs_DIG,470,93,280,1403,0.8348134991119005,0.6266666666666667,0.715917745620716,0.833926981300089,0.7822504456327987,0.6142777784951486,750,1496
50,20,5000,strong,14,S20_G5000_CNstrong_R14,DCG_vs_DSG,447,32,302,715,0.9331941544885177,0.5967957276368492,0.7280130293159609,0.7767379679144385,0.776978854447608,0.5936761292383406,749,747
51,20,5000,strong,14,S20_G5000_CNstrong_R14,DCG_vs_DIG,447,128,302,1366,0.7773913043478261,0.5967957276368492,0.675226586102719,0.8082924654480607,0.7555598450767914,0.5520861775435594,749,1494
52,20,5000,strong,15,S20_G5000_CNstrong_R15,DCG_vs_DSG,470,32,279,716,0.9362549800796812,0.6275033377837116,0.7513988808952837,0.7922511690046761,0.792361294560305,0.61926734672357,749,748
53,20,5000,strong,15,S20_G5000_CNstrong_R15,DCG_vs_DIG,470,104,279,1392,0.818815331010453,0.6275033377837116,0.7105064247921391,0.8293986636971047,0.7789923106030857,0.6030936611812154,749,1496
54,20,5000,strong,16,S20_G5000_CNstrong_R16,DCG_vs_DSG,491,40,259,708,0.9246704331450094,0.6546666666666666,0.7665886026541764,0.8004005340453939,0.8005953654188948,0.6283957064811885,750,748
55,20,5000,strong,16,S20_G5000_CNstrong_R16,DCG_vs_DIG,491,112,259,1384,0.814262023217247,0.6546666666666666,0.7257945306725795,0.8348174532502226,0.7899001782531193,0.6170174814680763,750,1496
56,20,5000,strong,17,S20_G5000_CNstrong_R17,DCG_vs_DSG,469,54,281,694,0.8967495219885278,0.6253333333333333,0.7368421052631579,0.7763684913217623,0.7765704099821746,0.5801816482465276,750,748
57,20,5000,strong,17,S20_G5000_CNstrong_R17,DCG_vs_DIG,469,104,281,1392,0.8184991273996509,0.6253333333333333,0.708994708994709,0.8285841495992876,0.7779073083778966,0.6013137165236294,750,1496
58,20,5000,strong,18,S20_G5000_CNstrong_R18,DCG_vs_DSG,473,30,278,718,0.9403578528827038,0.62982689747004,0.7543859649122807,0.7945296864576384,0.7948599727991911,0.6244575524248153,751,748
59,20,5000,strong,18,S20_G5000_CNstrong_R18,DCG_vs_DIG,473,107,278,1390,0.8155172413793104,0.62982689747004,0.7107438016528925,0.8287366548042705,0.7791753057824482,0.601902081077179,751,1497
60,20,5000,strong,19,S20_G5000_CNstrong_R19,DCG_vs_DSG,467,39,283,709,0.9229249011857708,0.6226666666666667,0.7436305732484076,0.7850467289719626,0.7852638146167558,0.6031523401912319,750,748
61,20,5000,strong,19,S20_G5000_CNstrong_R19,DCG_vs_DIG,467,108,283,1389,0.8121739130434783,0.6226666666666667,0.7049056603773585,0.8259902091677792,0.7752611890447563,0.5949280560724745,750,1497
62,20,5000,strong,2,S20_G5000_CNstrong_R2,DCG_vs_DSG,463,44,287,704,0.9132149901380671,0.6173333333333333,0.7366746221161495,0.7790387182910548,0.7792549019607843,0.590162247978886,750,748
63,20,5000,strong,2,S20_G5000_CNstrong_R2,DCG_vs_DIG,463,117,287,1380,0.7982758620689655,0.6173333333333333,0.6962406015037594,0.8202047174009791,0.7695885103540414,0.5810200371683182,750,1497
64,20,5000,strong,20,S20_G5000_CNstrong_R20,DCG_vs_DSG,489,54,262,694,0.9005524861878453,0.6511318242343542,0.7557959814528593,0.7891927951967979,0.7894696554326852,0.6022474174387101,751,748
65,20,5000,strong,20,S20_G5000_CNstrong_R20,DCG_vs_DIG,489,121,262,1376,0.8016393442622951,0.6511318242343542,0.7185892725936811,0.8296263345195729,0.7851517504605304,0.6049438139301198,751,1497
66,20,5000,strong,3,S20_G5000_CNstrong_R3,DCG_vs_DSG,483,38,267,710,0.927063339731286,0.644,0.7600314712824547,0.7963951935914553,0.7965989304812835,0.622751616374469,750,748
67,20,5000,strong,3,S20_G5000_CNstrong_R3,DCG_vs_DIG,483,135,267,1362,0.7815533980582524,0.644,0.706140350877193,0.8210947930574098,0.7769098196392786,0.5848642887736892,750,1497
68,20,5000,strong,4,S20_G5000_CNstrong_R4,DCG_vs_DSG,460,48,291,700,0.905511811023622,0.6125166444740346,0.7307386814932486,0.7738492328218812,0.7741727607396911,0.5792371190764959,751,748
69,20,5000,strong,4,S20_G5000_CNstrong_R4,DCG_vs_DIG,460,88,291,1409,0.8394160583941606,0.6125166444740346,0.7082371054657429,0.8314056939501779,0.7768662046685471,0.6082975562750533,751,1497
70,20,5000,strong,5,S20_G5000_CNstrong_R5,DCG_vs_DSG,489,50,261,699,0.9072356215213359,0.652,0.7587276958882855,0.7925283522348232,0.7926221628838452,0.6097878307752581,750,749
71,20,5000,strong,5,S20_G5000_CNstrong_R5,DCG_vs_DIG,489,131,261,1367,0.7887096774193548,0.652,0.7138686131386861,0.8256227758007118,0.7822750333778373,0.5956154524858213,750,1498
72,20,5000,strong,6,S20_G5000_CNstrong_R6,DCG_vs_DSG,481,42,268,706,0.9196940726577438,0.6421895861148198,0.7562893081761006,0.7929191716766867,0.7930199267472495,0.6145943111882368,749,748
73,20,5000,strong,6,S20_G5000_CNstrong_R6,DCG_vs_DIG,481,112,268,1385,0.8111298482293423,0.6421895861148198,0.7168405365126677,0.8308103294746215,0.7836866434248114,0.6068158555419249,749,1497
74,20,5000,strong,7,S20_G5000_CNstrong_R7,DCG_vs_DSG,471,38,279,710,0.925343811394892,0.628,0.7482128673550437,0.7883845126835781,0.7885989304812835,0.6093251535919139,750,748
75,20,5000,strong,7,S20_G5000_CNstrong_R7,DCG_vs_DIG,471,110,279,1386,0.810671256454389,0.628,0.7077385424492862,0.8268032056990204,0.7772352941176471,0.5971449410933358,750,1496
76,20,5000,strong,8,S20_G5000_CNstrong_R8,DCG_vs_DSG,472,32,277,716,0.9365079365079365,0.630173564753004,0.753391859537111,0.7935871743486974,0.7936964080449512,0.6214847065726976,749,748
77,20,5000,strong,8,S20_G5000_CNstrong_R8,DCG_vs_DIG,472,108,277,1388,0.8137931034482758,0.630173564753004,0.710308502633559,0.8285077951002228,0.77899052569201,0.6010423042108511,749,1496
78,20,5000,strong,9,S20_G5000_CNstrong_R9,DCG_vs_DSG,478,46,272,702,0.9122137404580153,0.6373333333333333,0.750392464678179,0.787716955941255,0.7879180035650624,0.6037193928356097,750,748
79,20,5000,strong,9,S20_G5000_CNstrong_R9,DCG_vs_DIG,478,146,272,1351,0.7660256410256411,0.6373333333333333,0.6957787481804949,0.8139741878059635,0.7699024716098865,0.5683643563866525,750,1497
80,20,5000,weak,1,S20_G5000_CNweak_R1,DCG_vs_DSG,366,49,384,699,0.8819277108433735,0.488,0.6283261802575107,0.7109479305740988,0.7112459893048129,0.47202132739055846,750,748
81,20,5000,weak,1,S20_G5000_CNweak_R1,DCG_vs_DIG,366,116,384,1380,0.7593360995850622,0.488,0.5941558441558441,0.7773820124666073,0.7052299465240641,0.4715137333849501,750,1496
82,20,5000,weak,10,S20_G5000_CNweak_R10,DCG_vs_DSG,391,37,358,711,0.9135514018691588,0.5220293724966623,0.6644010195412065,0.7361389445557782,0.7362820659274755,0.5229277943196766,749,748
83,20,5000,weak,10,S20_G5000_CNweak_R10,DCG_vs_DIG,391,137,358,1359,0.740530303030303,0.5220293724966623,0.6123727486296007,0.779510022271715,0.7152259161948552,0.47855202431550053,749,1496
84,20,5000,weak,11,S20_G5000_CNweak_R11,DCG_vs_DSG,358,46,393,703,0.8861386138613861,0.4766977363515313,0.6199134199134199,0.7073333333333334,0.7076412580289031,0.4680675837008756,751,749
85,20,5000,weak,11,S20_G5000_CNweak_R11,DCG_vs_DIG,358,117,393,1382,0.7536842105263157,0.4766977363515313,0.5840130505709625,0.7733333333333333,0.6993228508308691,0.4606402541591562,751,1499
86,20,5000,weak,12,S20_G5000_CNweak_R12,DCG_vs_DSG,345,40,405,708,0.8961038961038961,0.46,0.6079295154185022,0.7029372496662216,0.7032620320855615,0.4651464839187804,750,748
87,20,5000,weak,12,S20_G5000_CNweak_R12,DCG_vs_DIG,345,101,405,1396,0.773542600896861,0.46,0.5769230769230769,0.7748108589230085,0.6962658650634602,0.464079104680031,750,1497
88,20,5000,weak,13,S20_G5000_CNweak_R13,DCG_vs_DSG,357,40,393,708,0.8992443324937027,0.476,0.6224934612031386,0.7109479305740988,0.7112620320855615,0.47867854942730487,750,748
89,20,5000,weak,13,S20_G5000_CNweak_R13,DCG_vs_DIG,357,115,393,1381,0.7563559322033898,0.476,0.5842880523731587,0.773820124666073,0.6995641711229946,0.4620204403282062,750,1496
90,20,5000,weak,14,S20_G5000_CNweak_R14,DCG_vs_DSG,341,30,408,717,0.9191374663072777,0.4552736982643525,0.6089285714285714,0.7072192513368984,0.7075565278470357,0.48062281889579206,749,747
91,20,5000,weak,14,S20_G5000_CNweak_R14,DCG_vs_DIG,341,114,408,1380,0.7494505494505495,0.4552736982643525,0.5664451827242525,0.7672759696834597,0.6894842386904092,0.4444570903944153,749,1494
92,20,5000,weak,15,S20_G5000_CNweak_R15,DCG_vs_DSG,366,60,383,688,0.8591549295774648,0.4886515353805073,0.6229787234042553,0.7040748162992652,0.704218815818596,0.45260351458884196,749,748
93,20,5000,weak,15,S20_G5000_CNweak_R15,DCG_vs_DIG,366,132,383,1364,0.7349397590361446,0.4886515353805073,0.58700882117081,0.7706013363028953,0.7002081206314301,0.4544198210206249,749,1496
94,20,5000,weak,16,S20_G5000_CNweak_R16,DCG_vs_DSG,391,46,359,702,0.8947368421052632,0.5213333333333333,0.6588037068239259,0.7296395193591455,0.7299180035650623,0.505808351253125,750,748
95,20,5000,weak,16,S20_G5000_CNweak_R16,DCG_vs_DIG,391,113,359,1383,0.7757936507936508,0.5213333333333333,0.6236044657097288,0.7898486197684773,0.7228992869875223,0.503959643244269,750,1496
96,20,5000,weak,17,S20_G5000_CNweak_R17,DCG_vs_DSG,368,48,382,700,0.8846153846153846,0.49066666666666664,0.6312178387650086,0.7129506008010681,0.7132477718360071,0.47614105801337364,750,748
97,20,5000,weak,17,S20_G5000_CNweak_R17,DCG_vs_DIG,368,115,382,1381,0.7619047619047619,0.49066666666666664,0.5969180859691808,0.7787177203918076,0.7068975044563279,0.47498725312701134,750,1496
98,20,5000,weak,18,S20_G5000_CNweak_R18,DCG_vs_DSG,362,39,389,709,0.9027431421446384,0.48202396804260983,0.6284722222222222,0.71447631754503,0.7149424653047275,0.4855675241957049,751,748
99,20,5000,weak,18,S20_G5000_CNweak_R18,DCG_vs_DIG,362,112,389,1385,0.7637130801687764,0.48202396804260983,0.5910204081632653,0.777135231316726,0.7036038343887064,0.4708481174809136,751,1497
100,20,5000,weak,19,S20_G5000_CNweak_R19,DCG_vs_DSG,368,36,382,712,0.9108910891089109,0.49066666666666664,0.6377816291161178,0.7209612817089452,0.7212691622103387,0.4985778428326651,750,748
101,20,5000,weak,19,S20_G5000_CNweak_R19,DCG_vs_DIG,368,126,382,1371,0.7449392712550608,0.49066666666666664,0.5916398713826366,0.7739207832665776,0.7032491649966599,0.4628559650775687,750,1497
102,20,5000,weak,2,S20_G5000_CNweak_R2,DCG_vs_DSG,350,41,400,707,0.8951406649616368,0.4666666666666667,0.6134969325153374,0.705607476635514,0.705926916221034,0.4688806960589523,750,748
103,20,5000,weak,2,S20_G5000_CNweak_R2,DCG_vs_DIG,350,108,400,1389,0.7641921397379913,0.4666666666666667,0.5794701986754967,0.7739207832665776,0.6972611890447562,0.4618226881519411,750,1497
104,20,5000,weak,20,S20_G5000_CNweak_R20,DCG_vs_DSG,353,54,398,694,0.8673218673218673,0.47003994673768307,0.6096718480138169,0.6984656437625083,0.6989237166843496,0.44727930484967704,751,748
105,20,5000,weak,20,S20_G5000_CNweak_R20,DCG_vs_DIG,353,125,398,1372,0.7384937238493724,0.47003994673768307,0.5744507729861676,0.7673487544483986,0.6932698063681735,0.4455785689974111,751,1497
106,20,5000,weak,3,S20_G5000_CNweak_R3,DCG_vs_DSG,387,35,363,713,0.9170616113744076,0.516,0.6604095563139932,0.7343124165554072,0.7346042780748664,0.5215368414479491,750,748
107,20,5000,weak,3,S20_G5000_CNweak_R3,DCG_vs_DIG,387,130,363,1367,0.7485493230174082,0.516,0.6108918705603789,0.7805963506898086,0.7145798263193053,0.4808305950580955,750,1497
108,20,5000,weak,4,S20_G5000_CNweak_R4,DCG_vs_DSG,367,43,384,705,0.8951219512195122,0.48868175765645805,0.632213608957795,0.715143428952635,0.7155975633202076,0.4836584091030098,751,748
109,20,5000,weak,4,S20_G5000_CNweak_R4,DCG_vs_DIG,367,100,384,1397,0.7858672376873662,0.48868175765645805,0.6026272577996716,0.7846975088967971,0.7109407452276947,0.4904908840925613,751,1497
110,20,5000,weak,5,S20_G5000_CNweak_R5,DCG_vs_DSG,370,43,380,706,0.8958837772397095,0.49333333333333335,0.6362854686156492,0.7178118745830554,0.7179617267467735,0.48785621002668916,750,749
111,20,5000,weak,5,S20_G5000_CNweak_R5,DCG_vs_DIG,370,120,380,1378,0.7551020408163265,0.49333333333333335,0.5967741935483871,0.7775800711743772,0.7066132621272809,0.4719187722592902,750,1498
112,20,5000,weak,6,S20_G5000_CNweak_R6,DCG_vs_DSG,343,42,406,706,0.8909090909090909,0.45794392523364486,0.6049382716049383,0.7007348029392118,0.700897096306662,0.45963448465524387,749,748
113,20,5000,weak,6,S20_G5000_CNweak_R6,DCG_vs_DIG,343,123,406,1374,0.7360515021459227,0.45794392523364486,0.5646090534979424,0.7644701691896705,0.6878897982881651,0.43690000065819196,749,1497
114,20,5000,weak,7,S20_G5000_CNweak_R7,DCG_vs_DSG,390,46,360,702,0.8944954128440367,0.52,0.657672849915683,0.7289719626168224,0.7292513368983957,0.5046819823439337,750,748
115,20,5000,weak,7,S20_G5000_CNweak_R7,DCG_vs_DIG,390,117,360,1379,0.7692307692307693,0.52,0.6205250596658711,0.7876224398931434,0.7208957219251337,0.49837925718160936,750,1496
116,20,5000,weak,8,S20_G5000_CNweak_R8,DCG_vs_DSG,363,33,386,715,0.9166666666666666,0.48464619492656874,0.634061135371179,0.7201068804275217,0.7202642739338727,0.4993723739861973,749,748
117,20,5000,weak,8,S20_G5000_CNweak_R8,DCG_vs_DIG,363,121,386,1375,0.75,0.48464619492656874,0.5888077858880778,0.7741648106904232,0.7018819209926961,0.4629475297191384,749,1496
118,20,5000,weak,9,S20_G5000_CNweak_R9,DCG_vs_DSG,365,46,385,702,0.8880778588807786,0.4866666666666667,0.6287683031869078,0.712283044058745,0.7125846702317291,0.4764394197656793,750,748
119,20,5000,weak,9,S20_G5000_CNweak_R9,DCG_vs_DIG,365,135,385,1362,0.73,0.4866666666666667,0.584,0.7685803293279929,0.698243152972612,0.4495088734086261,750,1497
120,40,5000,strong,1,S40_G5000_CNstrong_R1,DCG_vs_DSG,513,18,237,730,0.9661016949152542,0.684,0.8009367681498829,0.8297730307076101,0.8299679144385028,0.6897991272112727,750,748
121,40,5000,strong,1,S40_G5000_CNstrong_R1,DCG_vs_DIG,513,65,237,1431,0.8875432525951558,0.684,0.7725903614457831,0.8655387355298308,0.8202754010695188,0.6910159398518597,750,1496
122,40,5000,strong,10,S40_G5000_CNstrong_R10,DCG_vs_DSG,507,17,242,731,0.9675572519083969,0.6769025367156208,0.7965435978004713,0.8269873079492318,0.8270876319941741,0.6857467570817062,749,748
123,40,5000,strong,10,S40_G5000_CNstrong_R10,DCG_vs_DIG,507,49,242,1447,0.9118705035971223,0.6769025367156208,0.7770114942528735,0.8703786191536749,0.8220742630102169,0.7036237698479905,749,1496
124,40,5000,strong,11,S40_G5000_CNstrong_R11,DCG_vs_DSG,534,26,217,723,0.9535714285714286,0.711051930758988,0.8146453089244852,0.838,0.8381694900790936,0.6991451597693534,751,749
125,40,5000,strong,11,S40_G5000_CNstrong_R11,DCG_vs_DIG,534,60,217,1439,0.898989898989899,0.711051930758988,0.7940520446096654,0.8768888888888889,0.8355126231513419,0.7178542176408925,751,1499
126,40,5000,strong,12,S40_G5000_CNstrong_R12,DCG_vs_DSG,515,15,235,733,0.9716981132075472,0.6866666666666666,0.8046875,0.8331108144192256,0.8333065953654188,0.6970753416401124,750,748
127,40,5000,strong,12,S40_G5000_CNstrong_R12,DCG_vs_DIG,515,65,235,1432,0.8879310344827587,0.6866666666666666,0.7744360902255639,0.8664886515353805,0.8216232464929859,0.6931658563124239,750,1497
128,40,5000,strong,13,S40_G5000_CNstrong_R13,DCG_vs_DSG,491,17,259,731,0.9665354330708661,0.6546666666666666,0.78060413354531,0.8157543391188251,0.8159696969696969,0.6674325862431989,750,748
129,40,5000,strong,13,S40_G5000_CNstrong_R13,DCG_vs_DIG,491,72,259,1424,0.872113676731794,0.6546666666666666,0.7479055597867479,0.852626892252894,0.8032691622103386,0.6600220128297433,750,1496
130,40,5000,strong,14,S40_G5000_CNstrong_R14,DCG_vs_DSG,488,16,261,731,0.9682539682539683,0.6515353805073432,0.7789305666400639,0.8148395721925134,0.8150581855682633,0.6665778353789819,749,747
131,40,5000,strong,14,S40_G5000_CNstrong_R14,DCG_vs_DIG,488,69,261,1425,0.8761220825852782,0.6515353805073432,0.7473200612557427,0.8528756130182791,0.80267532077576,0.6607951273511191,749,1494
132,40,5000,strong,15,S40_G5000_CNstrong_R15,DCG_vs_DSG,516,18,233,730,0.9662921348314607,0.6889185580774366,0.8043647700701481,0.8323313293253173,0.8324271934772209,0.6939600576693573,749,748
133,40,5000,strong,15,S40_G5000_CNstrong_R15,DCG_vs_DIG,516,65,233,1431,0.8881239242685026,0.6889185580774366,0.7759398496240602,0.867260579064588,0.8227346801082369,0.6948924770565864,749,1496
134,40,5000,strong,16,S40_G5000_CNstrong_R16,DCG_vs_DSG,534,19,216,729,0.9656419529837251,0.712,0.819646968534152,0.8431241655540721,0.8432994652406417,0.7113872600424902,750,748
135,40,5000,strong,16,S40_G5000_CNstrong_R16,DCG_vs_DIG,534,65,216,1431,0.8914858096828047,0.712,0.7916975537435137,0.8748886910062333,0.8342754010695187,0.7129689750864731,750,1496
136,40,5000,strong,17,S40_G5000_CNstrong_R17,DCG_vs_DSG,487,27,263,721,0.9474708171206225,0.6493333333333333,0.7705696202531646,0.8064085447263017,0.8066185383244207,0.645848606058761,750,748
137,40,5000,strong,17,S40_G5000_CNstrong_R17,DCG_vs_DIG,487,46,263,1450,0.9136960600375235,0.6493333333333333,0.7591582229150429,0.8624220837043634,0.8092923351158645,0.6857302301282053,750,1496
138,40,5000,strong,18,S40_G5000_CNstrong_R18,DCG_vs_DSG,507,20,244,728,0.9620493358633776,0.6750998668442078,0.7934272300469484,0.8238825883922615,0.8241809494648847,0.6789687920231621,751,748
139,40,5000,strong,18,S40_G5000_CNstrong_R18,DCG_vs_DIG,507,53,244,1444,0.9053571428571429,0.6750998668442078,0.7734553775743707,0.8678825622775801,0.8198478626138207,0.6976282882703614,751,1497
140,40,5000,strong,19,S40_G5000_CNstrong_R19,DCG_vs_DSG,535,23,215,725,0.9587813620071685,0.7133333333333334,0.8180428134556575,0.8411214953271028,0.8412923351158645,0.7059223543294939,750,748
141,40,5000,strong,19,S40_G5000_CNstrong_R19,DCG_vs_DIG,535,69,215,1428,0.8857615894039735,0.7133333333333334,0.7902511078286558,0.8736092567868269,0.833620574482298,0.7097200955878975,750,1497
142,40,5000,strong,2,S40_G5000_CNstrong_R2,DCG_vs_DSG,484,21,266,727,0.9584158415841584,0.6453333333333333,0.7713147410358566,0.8084112149532711,0.8086292335115864,0.6528721954501604,750,748
143,40,5000,strong,2,S40_G5000_CNstrong_R2,DCG_vs_DIG,484,76,266,1421,0.8642857142857143,0.6453333333333333,0.7389312977099237,0.8477970627503337,0.7972825651302605,0.6481707256451158,750,1497
144,40,5000,strong,20,S40_G5000_CNstrong_R20,DCG_vs_DSG,519,27,232,721,0.9505494505494505,0.6910785619174434,0.8003084040092521,0.8272181454302868,0.8274911526164757,0.6805461213867972,751,748
145,40,5000,strong,20,S40_G5000_CNstrong_R20,DCG_vs_DIG,519,64,232,1433,0.8902229845626072,0.6910785619174434,0.7781109445277361,0.8683274021352313,0.8241631954543797,0.6977232142476087,751,1497
146,40,5000,strong,3,S40_G5000_CNstrong_R3,DCG_vs_DSG,517,18,233,730,0.9663551401869159,0.6893333333333334,0.8046692607003891,0.8324432576769025,0.8326345811051693,0.6942066806281814,750,748
147,40,5000,strong,3,S40_G5000_CNstrong_R3,DCG_vs_DIG,517,72,233,1425,0.8777589134125636,0.6893333333333334,0.772218073188947,0.8642634623943035,0.8206185704742819,0.6875595053171775,750,1497
148,40,5000,strong,4,S40_G5000_CNstrong_R4,DCG_vs_DSG,517,17,234,731,0.9681647940074907,0.6884154460719041,0.8046692607003891,0.8325550366911274,0.8328440866723157,0.6950360379772796,751,748
149,40,5000,strong,4,S40_G5000_CNstrong_R4,DCG_vs_DIG,517,66,234,1431,0.8867924528301887,0.6884154460719041,0.775112443778111,0.8665480427046264,0.8221636348595993,0.6934193948602245,751,1497
150,40,5000,strong,5,S40_G5000_CNstrong_R5,DCG_vs_DSG,522,22,228,727,0.9595588235294118,0.696,0.8068006182380216,0.8332221480987325,0.8333137516688918,0.6931921444727267,750,749
151,40,5000,strong,5,S40_G5000_CNstrong_R5,DCG_vs_DIG,522,53,228,1445,0.9078260869565218,0.696,0.7879245283018868,0.875,0.8303097463284379,0.7139306540450524,750,1498
152,40,5000,strong,6,S40_G5000_CNstrong_R6,DCG_vs_DSG,516,16,233,732,0.9699248120300752,0.6889185580774366,0.8056206088992974,0.8336673346693386,0.833764091872943,0.6973356074192496,749,748
153,40,5000,strong,6,S40_G5000_CNstrong_R6,DCG_vs_DIG,516,52,233,1445,0.9084507042253521,0.6889185580774366,0.7835990888382688,0.8731077471059662,0.8270912095664404,0.7095459596318558,749,1497
154,40,5000,strong,7,S40_G5000_CNstrong_R7,DCG_vs_DSG,522,19,228,729,0.9648798521256932,0.696,0.8086754453911696,0.835113484646195,0.8352994652406417,0.6980550698372737,750,748
155,40,5000,strong,7,S40_G5000_CNstrong_R7,DCG_vs_DIG,522,66,228,1430,0.8877551020408163,0.696,0.7802690582959642,0.8691006233303651,0.8259411764705882,0.6993341346427948,750,1496
156,40,5000,strong,8,S40_G5000_CNstrong_R8,DCG_vs_DSG,489,17,260,731,0.9664031620553359,0.6528704939919893,0.7792828685258965,0.8149632598530394,0.8150716106323582,0.6660684931544857,749,748
157,40,5000,strong,8,S40_G5000_CNstrong_R8,DCG_vs_DIG,489,55,260,1441,0.8988970588235294,0.6528704939919893,0.7563805104408353,0.8596881959910914,0.8080528940548181,0.6779698609885336,749,1496
158,40,5000,strong,9,S40_G5000_CNstrong_R9,DCG_vs_DSG,521,28,229,720,0.9489981785063752,0.6946666666666667,0.8021555042340262,0.828437917222964,0.8286167557932264,0.6819960380489298,750,748
159,40,5000,strong,9,S40_G5000_CNstrong_R9,DCG_vs_DIG,521,63,229,1434,0.8921232876712328,0.6946666666666667,0.7811094452773614,0.8700489541611037,0.8262912491649966,0.7016562627412837,750,1497
160,40,5000,weak,1,S40_G5000_CNweak_R1,DCG_vs_DSG,381,23,369,725,0.943069306930693,0.508,0.6603119584055459,0.7383177570093458,0.7386256684491979,0.5376866339232917,750,748
161,40,5000,weak,1,S40_G5000_CNweak_R1,DCG_vs_DIG,381,58,369,1438,0.8678815489749431,0.508,0.6408746846089151,0.8098842386464826,0.7346149732620321,0.5580470456832644,750,1496
162,40,5000,weak,10,S40_G5000_CNweak_R10,DCG_vs_DSG,381,19,368,729,0.9525,0.5086782376502003,0.6631853785900783,0.7414829659318637,0.7416385840657418,0.5460779948111736,749,748
163,40,5000,weak,10,S40_G5000_CNweak_R10,DCG_vs_DIG,381,77,368,1419,0.8318777292576419,0.5086782376502003,0.6313173156586578,0.8017817371937639,0.728603824707453,0.5349647646037893,749,1496
164,40,5000,weak,11,S40_G5000_CNweak_R11,DCG_vs_DSG,402,23,349,726,0.9458823529411765,0.5352862849533955,0.6836734693877551,0.752,0.7522893374032664,0.5598749955790255,751,749
165,40,5000,weak,11,S40_G5000_CNweak_R11,DCG_vs_DIG,402,75,349,1424,0.8427672955974843,0.5352862849533955,0.6547231270358306,0.8115555555555556,0.7426264646915076,0.5598547837315339,751,1499
166,40,5000,weak,12,S40_G5000_CNweak_R12,DCG_vs_DSG,373,24,377,724,0.9395465994962217,0.49733333333333335,0.6503923278116827,0.7323097463284379,0.7326238859180035,0.5270803427104924,750,748
167,40,5000,weak,12,S40_G5000_CNweak_R12,DCG_vs_DIG,373,77,377,1420,0.8288888888888889,0.49733333333333335,0.6216666666666667,0.7979528259902091,0.7229485637942552,0.5254070683763801,750,1497
168,40,5000,weak,13,S40_G5000_CNweak_R13,DCG_vs_DSG,379,17,371,731,0.9570707070707071,0.5053333333333333,0.6614310645724258,0.7409879839786382,0.7413030303030302,0.5471870516563522,750,748
169,40,5000,weak,13,S40_G5000_CNweak_R13,DCG_vs_DIG,379,66,371,1430,0.851685393258427,0.5053333333333333,0.6343096234309623,0.8054318788958148,0.7306078431372549,0.5457121661655567,750,1496
170,40,5000,weak,14,S40_G5000_CNweak_R14,DCG_vs_DSG,405,11,344,736,0.9735576923076923,0.540720961281709,0.6952789699570815,0.7627005347593583,0.7629976961696363,0.5869817605469776,749,747
171,40,5000,weak,14,S40_G5000_CNweak_R14,DCG_vs_DIG,405,83,344,1411,0.8299180327868853,0.540720961281709,0.6548100242522231,0.8096299598751672,0.7425827028630767,0.5545715198454403,749,1494
172,40,5000,weak,15,S40_G5000_CNweak_R15,DCG_vs_DSG,364,25,385,723,0.9357326478149101,0.48598130841121495,0.6397188049209139,0.7261189044756179,0.7262794242590834,0.5159671919360121,749,748
173,40,5000,weak,15,S40_G5000_CNweak_R15,DCG_vs_DIG,364,92,385,1404,0.7982456140350878,0.48598130841121495,0.604149377593361,0.7875278396436526,0.7122419911040032,0.4974854929327306,749,1496
174,40,5000,weak,16,S40_G5000_CNweak_R16,DCG_vs_DSG,381,23,369,725,0.943069306930693,0.508,0.6603119584055459,0.7383177570093458,0.7386256684491979,0.5376866339232917,750,748
175,40,5000,weak,16,S40_G5000_CNweak_R16,DCG_vs_DIG,381,88,369,1408,0.8123667377398721,0.508,0.6251025430680885,0.796527159394479,0.7245882352941176,0.5211746597524952,750,1496
176,40,5000,weak,17,S40_G5000_CNweak_R17,DCG_vs_DSG,352,22,398,726,0.9411764705882353,0.4693333333333333,0.6263345195729537,0.719626168224299,0.7199607843137255,0.5082035906165263,750,748
177,40,5000,weak,17,S40_G5000_CNweak_R17,DCG_vs_DIG,352,58,398,1438,0.8585365853658536,0.4693333333333333,0.6068965517241379,0.7969723953695459,0.7152816399286988,0.525660265874125,750,1496
178,40,5000,weak,18,S40_G5000_CNweak_R18,DCG_vs_DSG,376,21,375,727,0.947103274559194,0.5006657789613849,0.6550522648083623,0.7358238825883923,0.7362954563256122,0.5355130802478019,751,748
179,40,5000,weak,18,S40_G5000_CNweak_R18,DCG_vs_DIG,376,64,375,1433,0.8545454545454545,0.5006657789613849,0.6314021830394626,0.8047153024911032,0.7289568039763504,0.5443633363190818,751,1497
180,40,5000,weak,19,S40_G5000_CNweak_R19,DCG_vs_DSG,392,17,358,731,0.9584352078239609,0.5226666666666666,0.6764452113891286,0.7496662216288384,0.749969696969697,0.5610779430100138,750,748
181,40,5000,weak,19,S40_G5000_CNweak_R19,DCG_vs_DIG,392,76,358,1421,0.8376068376068376,0.5226666666666666,0.6436781609195402,0.8068535825545171,0.7359492317969272,0.5479982791044519,750,1497
182,40,5000,weak,2,S40_G5000_CNweak_R2,DCG_vs_DSG,366,23,384,725,0.9408740359897172,0.488,0.6426690079016681,0.7283044058744993,0.7286256684491978,0.5214297917258784,750,748
183,40,5000,weak,2,S40_G5000_CNweak_R2,DCG_vs_DIG,366,70,384,1427,0.8394495412844036,0.488,0.6172006745362564,0.7979528259902091,0.7206199064796259,0.5261550631000685,750,1497
184,40,5000,weak,20,S40_G5000_CNweak_R20,DCG_vs_DSG,382,23,369,725,0.9432098765432099,0.5086551264980027,0.6608996539792388,0.7384923282188125,0.7389532316981993,0.5381179746705814,751,748
185,40,5000,weak,20,S40_G5000_CNweak_R20,DCG_vs_DIG,382,73,369,1424,0.8395604395604396,0.5086551264980027,0.6334991708126037,0.8033807829181495,0.7299454657206114,0.5398708410023546,751,1497
186,40,5000,weak,3,S40_G5000_CNweak_R3,DCG_vs_DSG,382,23,368,725,0.9432098765432099,0.5093333333333333,0.6614718614718614,0.7389853137516689,0.7392923351158645,0.5387690277548882,750,748
187,40,5000,weak,3,S40_G5000_CNweak_R3,DCG_vs_DIG,382,59,368,1438,0.8662131519274376,0.5093333333333333,0.6414777497900923,0.8099688473520249,0.7349605878423513,0.5579411328284604,750,1497
188,40,5000,weak,4,S40_G5000_CNweak_R4,DCG_vs_DSG,391,24,360,724,0.9421686746987952,0.5206391478029294,0.6706689536878216,0.7438292194796531,0.7442767931528016,0.5459392057858802,751,748
189,40,5000,weak,4,S40_G5000_CNweak_R4,DCG_vs_DIG,391,75,360,1422,0.8390557939914163,0.5206391478029294,0.6425636811832375,0.8064946619217082,0.7352694737010639,0.5474943441751947,751,1497
190,40,5000,weak,5,S40_G5000_CNweak_R5,DCG_vs_DSG,370,20,380,729,0.9487179487179487,0.49333333333333335,0.6491228070175439,0.733155436957972,0.7333155318202048,0.5317985028806398,750,749
191,40,5000,weak,5,S40_G5000_CNweak_R5,DCG_vs_DIG,370,59,380,1439,0.8624708624708625,0.49333333333333335,0.6276505513146734,0.8047153024911032,0.7269737427681353,0.5446871849486914,750,1498
192,40,5000,weak,6,S40_G5000_CNweak_R6,DCG_vs_DSG,373,19,376,729,0.951530612244898,0.4979973297730307,0.6538124452234881,0.7361389445557782,0.7362981301271571,0.5374744400443409,749,748
193,40,5000,weak,6,S40_G5000_CNweak_R6,DCG_vs_DIG,373,58,376,1439,0.8654292343387471,0.4979973297730307,0.6322033898305085,0.8067675868210151,0.7296265873982054,0.5498282202592295,749,1497
194,40,5000,weak,7,S40_G5000_CNweak_R7,DCG_vs_DSG,377,22,373,726,0.9448621553884712,0.5026666666666667,0.6562228024369017,0.7363150867823764,0.7366274509803922,0.5352926221827262,750,748
195,40,5000,weak,7,S40_G5000_CNweak_R7,DCG_vs_DIG,377,75,373,1421,0.834070796460177,0.5026666666666667,0.627287853577371,0.8005342831700801,0.7262664884135472,0.5323119601588212,750,1496
196,40,5000,weak,8,S40_G5000_CNweak_R8,DCG_vs_DSG,345,16,404,732,0.9556786703601108,0.4606141522029373,0.6216216216216216,0.7194388777555111,0.7196118889356932,0.5133750808275214,749,748
197,40,5000,weak,8,S40_G5000_CNweak_R8,DCG_vs_DIG,345,64,404,1432,0.843520782396088,0.4606141522029373,0.5958549222797928,0.7915367483296214,0.7089167017699178,0.5104014150037777,749,1496
198,40,5000,weak,9,S40_G5000_CNweak_R9,DCG_vs_DSG,367,22,383,726,0.9434447300771208,0.48933333333333334,0.6444249341527656,0.7296395193591455,0.7299607843137256,0.5244748093386985,750,748
199,40,5000,weak,9,S40_G5000_CNweak_R9,DCG_vs_DIG,367,74,383,1423,0.8321995464852607,0.48933333333333334,0.6162888329135181,0.796617712505563,0.7199505678022713,0.5222981015360834,750,1497
200,60,5000,strong,1,S60_G5000_CNstrong_R1,DCG_vs_DSG,511,20,239,728,0.9623352165725048,0.6813333333333333,0.7978142076502732,0.8271028037383178,0.8272976827094475,0.6842169980539923,750,748
201,60,5000,strong,1,S60_G5000_CNstrong_R1,DCG_vs_DIG,511,49,239,1447,0.9125,0.6813333333333333,0.7801526717557252,0.8717720391807658,0.8242896613190731,0.7070281878493432,750,1496
202,60,5000,strong,10,S60_G5000_CNstrong_R10,DCG_vs_DSG,512,14,237,734,0.973384030418251,0.6835781041388518,0.8031372549019608,0.8323313293253173,0.8324307632993724,0.696338524961343,749,748
203,60,5000,strong,10,S60_G5000_CNstrong_R10,DCG_vs_DIG,512,52,237,1444,0.9078014184397163,0.6835781041388518,0.7798933739527799,0.8712694877505568,0.8244093729250408,0.7053532732169001,749,1496
204,60,5000,strong,11,S60_G5000_CNstrong_R11,DCG_vs_DSG,527,15,224,734,0.9723247232472325,0.7017310252996005,0.8151585460170147,0.8406666666666667,0.8408521615149538,0.7095361508165298,751,749
205,60,5000,strong,11,S60_G5000_CNstrong_R11,DCG_vs_DIG,527,52,224,1447,0.9101899827288429,0.7017310252996005,0.7924812030075188,0.8773333333333333,0.8335206160520684,0.7195251158624971,751,1499
206,60,5000,strong,12,S60_G5000_CNstrong_R12,DCG_vs_DSG,521,11,229,737,0.9793233082706767,0.6946666666666667,0.8127925117004681,0.8397863818424566,0.8399803921568627,0.7104293864299984,750,748
207,60,5000,strong,12,S60_G5000_CNstrong_R12,DCG_vs_DIG,521,40,229,1457,0.928698752228164,0.6946666666666667,0.7948131197559115,0.8802848242100578,0.8339732798931195,0.7277346161268743,750,1497
208,60,5000,strong,13,S60_G5000_CNstrong_R13,DCG_vs_DSG,521,19,229,729,0.9648148148148148,0.6946666666666667,0.8077519379844961,0.8344459279038718,0.834632798573975,0.6969478735072304,750,748
209,60,5000,strong,13,S60_G5000_CNstrong_R13,DCG_vs_DIG,521,46,229,1450,0.9188712522045855,0.6946666666666667,0.7911921032649962,0.877560106856634,0.8319590017825311,0.7207655098819681,750,1496
210,60,5000,strong,14,S60_G5000_CNstrong_R14,DCG_vs_DSG,536,23,213,724,0.9588550983899821,0.7156208277703605,0.8195718654434251,0.8422459893048129,0.8424155008999058,0.707797334316639,749,747
211,60,5000,strong,14,S60_G5000_CNstrong_R14,DCG_vs_DIG,536,61,213,1433,0.897822445561139,0.7156208277703605,0.7964338781575037,0.8778421756576015,0.8373954205786208,0.7200842400189227,749,1494
212,60,5000,strong,15,S60_G5000_CNstrong_R15,DCG_vs_DSG,509,16,240,732,0.9695238095238096,0.6795727636849133,0.7990580847723705,0.8289913159652639,0.8290911946766812,0.6896443483975261,749,748
213,60,5000,strong,15,S60_G5000_CNstrong_R15,DCG_vs_DIG,509,44,240,1452,0.9204339963833634,0.6795727636849133,0.7818740399385561,0.8734966592427617,0.8250804994895156,0.7114835685298511,749,1496
214,60,5000,strong,16,S60_G5000_CNstrong_R16,DCG_vs_DSG,527,18,223,730,0.9669724770642202,0.7026666666666667,0.8138996138996138,0.8391188251001335,0.839301247771836,0.7052647561307431,750,748
215,60,5000,strong,16,S60_G5000_CNstrong_R16,DCG_vs_DIG,527,37,223,1459,0.9343971631205674,0.7026666666666667,0.802130898021309,0.8842386464826358,0.8389670231729054,0.7372780862610886,750,1496
216,60,5000,strong,17,S60_G5000_CNstrong_R17,DCG_vs_DSG,502,25,248,723,0.952561669829222,0.6693333333333333,0.7862176977290525,0.8177570093457944,0.8179554367201426,0.6658290801924901,750,748
217,60,5000,strong,17,S60_G5000_CNstrong_R17,DCG_vs_DIG,502,59,248,1437,0.8948306595365418,0.6693333333333333,0.7658276125095347,0.8633125556544969,0.8149474153297683,0.6862511567050782,750,1496
218,60,5000,strong,18,S60_G5000_CNstrong_R18,DCG_vs_DSG,520,21,231,727,0.9611829944547134,0.6924101198402131,0.804953560371517,0.8318879252835224,0.8321676267650263,0.6916345494667443,751,748
219,60,5000,strong,18,S60_G5000_CNstrong_R18,DCG_vs_DIG,520,38,231,1459,0.931899641577061,0.6924101198402131,0.7944996180290298,0.880338078291815,0.8335130091519035,0.7283048321593435,751,1497
220,60,5000,strong,19,S60_G5000_CNstrong_R19,DCG_vs_DSG,535,19,215,729,0.9657039711191335,0.7133333333333334,0.8205521472392638,0.8437917222963952,0.8439661319073084,0.7125022322601889,750,748
221,60,5000,strong,19,S60_G5000_CNstrong_R19,DCG_vs_DIG,535,60,215,1437,0.8991596638655462,0.7133333333333334,0.7955390334572491,0.8776145972407655,0.836626586506346,0.7195424762119171,750,1497
222,60,5000,strong,2,S60_G5000_CNstrong_R2,DCG_vs_DSG,527,14,223,734,0.9741219963031423,0.7026666666666667,0.8164213787761425,0.8417890520694259,0.8419750445632799,0.7119528611353422,750,748
223,60,5000,strong,2,S60_G5000_CNstrong_R2,DCG_vs_DIG,527,46,223,1451,0.9197207678883071,0.7026666666666667,0.7966742252456538,0.8802848242100578,0.8359692718770876,0.7269692613841106,750,1497
224,60,5000,strong,20,S60_G5000_CNstrong_R20,DCG_vs_DSG,499,15,252,733,0.9708171206225681,0.6644474034620506,0.7889328063241107,0.8218812541694464,0.8221969637631108,0.6787698320831923,751,748
225,60,5000,strong,20,S60_G5000_CNstrong_R20,DCG_vs_DIG,499,51,252,1446,0.9072727272727272,0.6644474034620506,0.7671022290545734,0.8652135231316725,0.8151896335947526,0.691643981207289,751,1497
226,60,5000,strong,3,S60_G5000_CNstrong_R3,DCG_vs_DSG,509,18,241,730,0.9658444022770398,0.6786666666666666,0.7971808927173062,0.8271028037383178,0.827301247771836,0.6854001019696044,750,748
227,60,5000,strong,3,S60_G5000_CNstrong_R3,DCG_vs_DIG,509,63,241,1434,0.8898601398601399,0.6786666666666666,0.7700453857791225,0.8647085002225189,0.8182912491649966,0.6891135763337368,750,1497
228,60,5000,strong,4,S60_G5000_CNstrong_R4,DCG_vs_DSG,541,15,210,733,0.9730215827338129,0.7203728362183754,0.827850038255547,0.8498999332888593,0.8501596801412733,0.7248925858318499,751,748
229,60,5000,strong,4,S60_G5000_CNstrong_R4,DCG_vs_DIG,541,39,210,1458,0.9327586206896552,0.7203728362183754,0.8129226145755072,0.8892348754448398,0.8471603660049793,0.7484779005803076,751,1497
230,60,5000,strong,5,S60_G5000_CNstrong_R5,DCG_vs_DSG,502,12,248,737,0.9766536964980544,0.6693333333333333,0.7943037974683544,0.8265510340226818,0.8266559857587895,0.688164844002728,750,749
231,60,5000,strong,5,S60_G5000_CNstrong_R5,DCG_vs_DIG,502,56,248,1442,0.899641577060932,0.6693333333333333,0.7675840978593272,0.8647686832740213,0.8159750778816199,0.6897773219735575,750,1498
232,60,5000,strong,6,S60_G5000_CNstrong_R6,DCG_vs_DSG,519,25,230,723,0.9540441176470589,0.6929238985313751,0.802784222737819,0.8296593186372746,0.8297507193191634,0.6855853912330315,749,748
233,60,5000,strong,6,S60_G5000_CNstrong_R6,DCG_vs_DIG,519,48,230,1449,0.9153439153439153,0.6929238985313751,0.7887537993920972,0.8762243989314337,0.830429885137431,0.7172065490237677,749,1497
234,60,5000,strong,7,S60_G5000_CNstrong_R7,DCG_vs_DSG,529,13,221,735,0.9760147601476015,0.7053333333333334,0.8188854489164087,0.8437917222963952,0.8439768270944742,0.71583350683953,750,748
235,60,5000,strong,7,S60_G5000_CNstrong_R7,DCG_vs_DIG,529,47,221,1449,0.9184027777777778,0.7053333333333334,0.7978883861236803,0.8806767586821015,0.836958110516934,0.7278348743554642,750,1496
236,60,5000,strong,8,S60_G5000_CNstrong_R8,DCG_vs_DSG,499,14,250,734,0.9727095516569201,0.6662216288384513,0.7908082408874801,0.8236472945891784,0.8237525256491722,0.6821480418241674,749,748
237,60,5000,strong,8,S60_G5000_CNstrong_R8,DCG_vs_DIG,499,53,250,1443,0.9039855072463768,0.6662216288384513,0.7671022290545734,0.8650334075723831,0.8153969106759101,0.6907105959902405,749,1496
238,60,5000,strong,9,S60_G5000_CNstrong_R9,DCG_vs_DSG,517,19,233,729,0.9645522388059702,0.6893333333333334,0.8040435458786936,0.8317757009345794,0.8319661319073084,0.6925247090264739,750,748
239,60,5000,strong,9,S60_G5000_CNstrong_R9,DCG_vs_DIG,517,51,233,1446,0.9102112676056338,0.6893333333333334,0.7845220030349014,0.8736092567868269,0.8276325985303941,0.710982838426344,750,1497
240,60,5000,weak,1,S60_G5000_CNweak_R1,DCG_vs_DSG,364,16,386,732,0.9578947368421052,0.48533333333333334,0.6442477876106195,0.7316421895861148,0.7319714795008913,0.5331302418559254,750,748
241,60,5000,weak,1,S60_G5000_CNweak_R1,DCG_vs_DIG,364,51,386,1445,0.8771084337349397,0.48533333333333334,0.6248927038626609,0.8054318788958148,0.7256212121212122,0.5483251065702752,750,1496
242,60,5000,weak,10,S60_G5000_CNweak_R10,DCG_vs_DSG,346,17,403,731,0.953168044077135,0.46194926568758343,0.6223021582733813,0.7194388777555111,0.7196109964801555,0.5124080526520912,749,748
243,60,5000,weak,10,S60_G5000_CNweak_R10,DCG_vs_DIG,346,51,403,1445,0.871536523929471,0.46194926568758343,0.6038394415357766,0.7977728285077951,0.7139291782983371,0.5287623054765177,749,1496
244,60,5000,weak,11,S60_G5000_CNweak_R11,DCG_vs_DSG,367,18,384,731,0.9532467532467532,0.48868175765645805,0.6461267605633803,0.732,0.7323248574664134,0.5318862384862869,751,749
245,60,5000,weak,11,S60_G5000_CNweak_R11,DCG_vs_DIG,367,53,384,1446,0.8738095238095238,0.48868175765645805,0.6268146883005978,0.8057777777777778,0.7266624265266947,0.548630723151806,751,1499
246,60,5000,weak,12,S60_G5000_CNweak_R12,DCG_vs_DSG,367,19,383,729,0.9507772020725389,0.48933333333333334,0.6461267605633803,0.7316421895861148,0.7319661319073084,0.5303834462911289,750,748
247,60,5000,weak,12,S60_G5000_CNweak_R12,DCG_vs_DIG,367,42,383,1455,0.8973105134474327,0.48933333333333334,0.633304572907679,0.8108589230084557,0.7306386105544422,0.5637273854794204,750,1497
248,60,5000,weak,13,S60_G5000_CNweak_R13,DCG_vs_DSG,358,8,392,740,0.9781420765027322,0.47733333333333333,0.6415770609318996,0.732977303070761,0.733319073083779,0.5429976031753915,750,748
249,60,5000,weak,13,S60_G5000_CNweak_R13,DCG_vs_DIG,358,54,392,1442,0.8689320388349514,0.47733333333333333,0.6161790017211703,0.8014247551202137,0.7206185383244207,0.5376753832618809,750,1496
250,60,5000,weak,14,S60_G5000_CNweak_R14,DCG_vs_DSG,356,12,393,735,0.967391304347826,0.4753004005340454,0.6374216651745748,0.7292780748663101,0.7296180717529664,0.5331615376938283,749,747
251,60,5000,weak,14,S60_G5000_CNweak_R14,DCG_vs_DIG,356,59,393,1435,0.8578313253012049,0.4753004005340454,0.6116838487972509,0.7984841729826125,0.7179045510033011,0.5292981303323608,749,1494
252,60,5000,weak,15,S60_G5000_CNweak_R15,DCG_vs_DSG,358,22,391,726,0.9421052631578948,0.4779706275033378,0.6341895482728078,0.7241148964595858,0.7242794313987276,0.5153387087799098,749,748
253,60,5000,weak,15,S60_G5000_CNweak_R15,DCG_vs_DIG,358,67,391,1429,0.8423529411764706,0.4779706275033378,0.6098807495741057,0.7959910913140312,0.7165922656233267,0.5213741399353737,749,1496
254,60,5000,weak,16,S60_G5000_CNweak_R16,DCG_vs_DSG,365,17,385,731,0.9554973821989529,0.4866666666666667,0.6448763250883393,0.7316421895861148,0.731969696969697,0.5322049415638913,750,748
255,60,5000,weak,16,S60_G5000_CNweak_R16,DCG_vs_DIG,365,50,385,1446,0.8795180722891566,0.4866666666666667,0.6266094420600858,0.8063223508459484,0.7266221033868093,0.5507575631851213,750,1496
256,60,5000,weak,17,S60_G5000_CNweak_R17,DCG_vs_DSG,350,22,400,726,0.9408602150537635,0.4666666666666667,0.6238859180035651,0.7182910547396528,0.7186274509803922,0.5060290534324978,750,748
257,60,5000,weak,17,S60_G5000_CNweak_R17,DCG_vs_DIG,350,56,400,1440,0.8620689655172413,0.4666666666666667,0.6055363321799307,0.7969723953695459,0.7146167557932265,0.5260392155962229,750,1496
258,60,5000,weak,18,S60_G5000_CNweak_R18,DCG_vs_DSG,361,18,390,730,0.9525065963060686,0.4806924101198402,0.6389380530973451,0.7278185456971314,0.7283141194984228,0.5252969956366215,751,748
259,60,5000,weak,18,S60_G5000_CNweak_R18,DCG_vs_DIG,361,56,390,1441,0.8657074340527577,0.4806924101198402,0.6181506849315068,0.8016014234875445,0.7216421302436208,0.5378993014656427,751,1497
260,60,5000,weak,19,S60_G5000_CNweak_R19,DCG_vs_DSG,363,9,387,739,0.9758064516129032,0.484,0.6470588235294118,0.7356475300400535,0.7359839572192514,0.5462019429006774,750,748
261,60,5000,weak,19,S60_G5000_CNweak_R19,DCG_vs_DIG,363,54,387,1443,0.8705035971223022,0.484,0.622107969151671,0.8037383177570093,0.7239639278557114,0.5433204236769588,750,1497
262,60,5000,weak,2,S60_G5000_CNweak_R2,DCG_vs_DSG,354,13,396,735,0.9645776566757494,0.472,0.6338406445837064,0.7269692923898531,0.7273101604278075,0.5285254932322179,750,748
263,60,5000,weak,2,S60_G5000_CNweak_R2,DCG_vs_DIG,354,72,396,1425,0.8309859154929577,0.472,0.6020408163265306,0.7917222963951935,0.7119519038076152,0.5099752234857826,750,1497
264,60,5000,weak,20,S60_G5000_CNweak_R20,DCG_vs_DSG,343,17,408,731,0.9527777777777777,0.4567243675099867,0.6174617461746175,0.7164776517678453,0.716998547391357,0.5079775011127662,751,748
265,60,5000,weak,20,S60_G5000_CNweak_R20,DCG_vs_DIG,343,55,408,1442,0.8618090452261307,0.4567243675099867,0.5970409051348999,0.7940391459074733,0.7099921102746994,0.5189630556246332,751,1497
266,60,5000,weak,3,S60_G5000_CNweak_R3,DCG_vs_DSG,370,11,380,737,0.9711286089238845,0.49333333333333335,0.654288240495137,0.7389853137516689,0.7393137254901961,0.5495281691764192,750,748
267,60,5000,weak,3,S60_G5000_CNweak_R3,DCG_vs_DIG,370,54,380,1443,0.8726415094339622,0.49333333333333335,0.6303236797274276,0.8068535825545171,0.728630594522378,0.551098984269767,750,1497
268,60,5000,weak,4,S60_G5000_CNweak_R4,DCG_vs_DSG,374,16,377,732,0.958974358974359,0.4980026631158455,0.6555652936021035,0.7378252168112075,0.7383061443921474,0.5431726907592683,751,748
269,60,5000,weak,4,S60_G5000_CNweak_R4,DCG_vs_DIG,374,46,377,1451,0.8904761904761904,0.4980026631158455,0.6387702818104184,0.8118327402135231,0.7336372701016769,0.5654448417538133,751,1497
270,60,5000,weak,5,S60_G5000_CNweak_R5,DCG_vs_DSG,348,13,402,736,0.96398891966759,0.464,0.6264626462646264,0.723148765843896,0.7233217623497997,0.5222853578551333,750,749
271,60,5000,weak,5,S60_G5000_CNweak_R5,DCG_vs_DIG,348,52,402,1446,0.87,0.464,0.6052173913043478,0.7980427046263345,0.7146435246995995,0.5292408353875984,750,1498
272,60,5000,weak,6,S60_G5000_CNweak_R6,DCG_vs_DSG,343,18,406,730,0.9501385041551247,0.45794392523364486,0.618018018018018,0.7167668670674683,0.7169398770553251,0.5071288601802515,749,748
273,60,5000,weak,6,S60_G5000_CNweak_R6,DCG_vs_DIG,343,54,406,1443,0.8639798488664987,0.45794392523364486,0.5986038394415357,0.7951914514692787,0.7109358904725338,0.5213970581011478,749,1497
274,60,5000,weak,7,S60_G5000_CNweak_R7,DCG_vs_DSG,361,19,389,729,0.95,0.48133333333333334,0.6389380530973451,0.7276368491321762,0.7279661319073084,0.5239249208575063,750,748
275,60,5000,weak,7,S60_G5000_CNweak_R7,DCG_vs_DIG,361,53,389,1443,0.8719806763285024,0.48133333333333334,0.6202749140893471,0.8032056990204809,0.7229527629233512,0.5423459202647691,750,1496
276,60,5000,weak,8,S60_G5000_CNweak_R8,DCG_vs_DSG,371,13,378,735,0.9661458333333334,0.4953271028037383,0.6548984995586937,0.738810955243821,0.7389737118296766,0.5472158124497751,749,748
277,60,5000,weak,8,S60_G5000_CNweak_R8,DCG_vs_DIG,371,49,378,1447,0.8833333333333333,0.4953271028037383,0.6347305389221557,0.8097995545657015,0.7312865460542756,0.5592821932949255,749,1496
278,60,5000,weak,9,S60_G5000_CNweak_R9,DCG_vs_DSG,349,20,401,728,0.94579945799458,0.4653333333333333,0.6237712243074174,0.7189586114819759,0.7192976827094475,0.508961948976506,750,748
279,60,5000,weak,9,S60_G5000_CNweak_R9,DCG_vs_DIG,349,63,401,1434,0.8470873786407767,0.4653333333333333,0.6006884681583476,0.7935024477080552,0.7116245824983299,0.515787721672989,750,1497
